,chembl_id,IC50,unit,Smiles,pIC50,molecular_weight,n_hba,n_hbd,logp,ro5_fulfilled
0,CHEMBL3680444,0.042,nM,COc1ccc(C(=O)Nc2cccc(CNc3ncnc4c(C(N)=O)cccc34)c2)cn1,10.37675071,428.1596885,7,3,2.9967,TRUE
1,CHEMBL3680508,0.045,nM,NC(=O)c1cccc2c(NCc3ccc(NC(=O)c4cc(C(F)(F)F)n[nH]4)cc3)ncnc12,10.34678749,455.1317574,6,4,3.335,TRUE
2,CHEMBL3680447,0.046,nM,CCN(CC)c1ccc(C(=O)Nc2cccc(C(C)Nc3ncnc4c(C(N)=O)cccc34)c2)cc1,10.33724217,482.2430242,6,3,5.0003,TRUE
3,CHEMBL3680552,0.06,nM,N#Cc1ccnc(Nc2cccc(CNc3ncnc4c(C(N)=O)cccc34)c2)c1,10.22184875,395.1494582,7,3,3.35108,TRUE
4,CHEMBL3685243,0.061,nM,Cc1cccc(C(=O)Nc2cccc(CNc3ncnc4c(C(N)=O)cccc34)c2)c1,10.21467016,411.1695249,5,3,3.90152,TRUE
5,CHEMBL3685277,0.089,nM,NC(=O)c1cccc2c(NCc3cccc(NC(=O)c4cc(C5CC5)n[nH]4)c3)ncnc12,10.05060999,427.1756729,6,4,3.1936,TRUE
6,CHEMBL3675525,0.17,nM,NC(=O)c1cccc2c(NCc3cccc(NC(O)c4cc(C(F)(F)F)ccc4F)c3)ncnc12,9.769551079,485.1474877,6,4,4.6017,TRUE
7,CHEMBL3685262,0.18,nM,NC(=O)c1cccc2c(NCc3cccc(NC(=O)c4ccc(Cl)cc4)c3)ncnc12,9.744727495,431.1149025,5,3,4.2465,TRUE
8,CHEMBL3680596,0.18,nM,N#CCc1ccnc(Nc2cccc(CNc3ncnc4c(C(N)=O)cccc34)c2)c1,9.744727495,409.1651082,7,3,3.54548,TRUE
9,CHEMBL3639841,0.2,nM,NC(=O)c1cccc2c(NCc3cccc(NC(=O)c4ccc5c(c4)OC(F)(F)O5)c3)ncnc12,9.698970004,477.1248605,7,3,3.9146,TRUE
10,CHEMBL3685245,0.21,nM,NC(=O)c1cccc2c(NCc3cccc(NC(=O)c4ccc(C(F)(F)F)cc4F)c3)ncnc12,9.677780705,483.1318377,5,3,4.751,TRUE
11,CHEMBL3685306,0.22,nM,COc1cc(F)c(C(=O)Nc2cccc(CNc3ncnc4c(C(N)=O)cccc34)c2)c(F)c1,9.657577319,463.1455959,6,3,3.8799,TRUE
12,CHEMBL3670499,0.24,nM,NC(=O)c1cc(O)cc2c(NCc3ccc(C(F)(F)F)cc3)ncnc12,9.619788758,362.0990603,5,3,3.0652,TRUE
13,CHEMBL3675441,0.25,nM,NC(=O)c1cccc2c(NCc3cccc(NC(=O)c4ccc(F)cc4F)c3)ncnc12,9.602059991,433.1350312,5,3,3.8713,TRUE
14,CHEMBL3680500,0.26,nM,CNc1ccc(C(=O)Nc2cccc(CNc3ncnc4c(C(N)=O)cccc34)c2)cn1,9.585026652,427.1756729,7,4,3.0298,TRUE
15,CHEMBL3680420,0.27,nM,CC(C)c1cc(C(=O)Nc2cccc(C(C)Nc3ncnc4c(C(N)=O)cccc34)c2)[nH]n1,9.568636236,443.206973,6,4,4.0006,TRUE
17,CHEMBL3680554,0.3,nM,NC(=O)c1cccc2c(NCc3cccc(NC(=O)c4[nH]nc5c4CCCC5)c3)ncnc12,9.522878745,441.191323,6,4,3.195,TRUE
18,CHEMBL3680403,0.3,nM,NC(=O)c1cccc2c(NCc3cccc(NC(=O)c4ccc(Cl)c(Cl)c4)c3)ncnc12,9.522878745,465.0759301,5,3,4.8999,TRUE
19,CHEMBL3685257,0.31,nM,COc1ccc(C(=O)Nc2cccc(CNc3ncnc4c(C(N)=O)cccc34)c2)cc1OC,9.508638306,457.1750042,7,3,3.6103,TRUE
20,CHEMBL4799738,0.316,nM,Cn1cc(-c2ccc3c(Nc4cccc(NC(=O)Nc5cccc(F)c5)c4)ncnc3c2)cn1,9.500312917,453.1713365,6,3,5.557,TRUE
21,CHEMBL3675501,0.32,nM,Cc1ccc(C(=O)Nc2cccc(C(C)Nc3ncnc4c(C(N)=O)cccc34)c2)cn1,9.494850022,426.1804239,6,3,3.85752,TRUE
22,CHEMBL3685237,0.33,nM,CC(C)c1cc(C(=O)Nc2cccc(CNc3ncnc4c(C(N)=O)cccc34)c2)[nH]n1,9.48148606,429.191323,6,4,3.4396,TRUE
23,CHEMBL4784002,0.336,nM,Cn1cc(-c2ccc3c(Nc4ccc(NC(=O)Nc5cccc(F)c5)cc4)ncnc3c2)cn1,9.473660723,453.1713365,6,3,5.557,TRUE
25,CHEMBL3675459,0.35,nM,CN(C)CCC(Nc1ncnc2c(C(N)=O)cccc12)c1cccc(NC(=O)c2ccc(Br)cc2)c1,9.455931956,546.1378862,6,3,4.8484,TRUE
26,CHEMBL3675446,0.35,nM,NC(=O)c1cccc2c(NCc3cccc(NC(=O)c4ccc(Cl)cc4Cl)c3)ncnc12,9.455931956,465.0759301,5,3,4.8999,TRUE
27,CHEMBL3670467,0.35,nM,COc1ccc(C(=O)Nc2cccc(CNc3ncnc4c(C(N)=O)cccc34)c2)cc1,9.455931956,427.1644395,6,3,3.6017,TRUE
28,CHEMBL4633715,0.37,nM,CCN(CCCOc1ccc2c(Nc3cc(CC(=O)Nc4cccc(F)c4)[nH]n3)ncnc2c1)CCP(=O)(O)O,9.431798276,571.2108319,8,5,3.6853,TRUE
29,CHEMBL415049,0.37,nM,CCN(CCCOc1ccc2c(Nc3cc(CC(=O)Nc4cccc(F)c4)[nH]n3)ncnc2c1)CCOP(=O)(O)O,9.431798276,587.2057466,9,5,3.6169,TRUE
30,CHEMBL3685250,0.38,nM,NC(=O)c1cccc2c(NCc3cccc(NC(=O)c4ccc(C(F)(F)F)nc4)c3)ncnc12,9.420216403,466.1365084,6,3,4.0069,TRUE
31,CHEMBL3680550,0.38,nM,COCC[C@@H](Nc1ncnc2c(C(N)=O)cccc12)c1cccc(NC(=O)c2ccc(OC)cc2)c1,9.420216403,485.2063043,7,3,4.1793,TRUE
32,CHEMBL3685252,0.38,nM,NC(=O)c1cccc2c(NCc3cccc(NC(=O)c4cccc(Cl)c4)c3)ncnc12,9.420216403,431.1149025,5,3,4.2465,TRUE
33,CHEMBL3680572,0.39,nM,Cc1ccnc(Nc2cccc(CNc3ncnc4c(C(N)=O)cccc34)c2)c1,9.408935393,384.1698593,6,3,3.78782,TRUE
34,CHEMBL3329684,0.4,nM,COc1ccc(C(=O)NC(=O)Nc2ccc3c(c2)NC(=O)/C3=C\c2[nH]c(C)c(C(=O)NCCN3CCCC3)c2C)c(F)c1,9.397940009,588.2496464,6,5,4.05944,TRUE
35,CHEMBL3675493,0.4,nM,CC(Nc1ncnc2c(C(N)=O)cccc12)c1cccc(NC(=O)C2=CCC(Cl)N=C2)c1,9.397940009,448.1414516,6,3,3.8061,TRUE
36,CHEMBL3675444,0.4,nM,CC(Nc1ncnc2c(C(N)=O)cccc12)c1cccc(NC(=O)c2ccc(F)c(O)c2)c1,9.397940009,445.1550177,6,4,3.9988,TRUE
37,CHEMBL3680460,0.41,nM,COc1ccc(C(=O)Nc2cccc([C@@H](C)Nc3ncnc4c(C(N)=O)cccc34)c2)cc1F,9.387216143,459.1706678,6,3,4.3018,TRUE
38,CHEMBL3675438,0.43,nM,CC(Nc1ncnc2c(C(N)=O)cccc12)c1cccc(NC(=O)c2ccc3c(c2)OCO3)c1,9.366531544,455.1593542,7,3,3.8828,TRUE
39,CHEMBL3670485,0.46,nM,NC(=O)c1cccc2c(NCc3cccc(NC(=O)c4ccc(Cl)nc4)c3)ncnc12,9.337242168,432.1101515,6,3,3.6415,TRUE
40,CHEMBL3680417,0.46,nM,NC(=O)c1cccc2c(NCc3cccc(NC(=O)c4ccc5c(c4)CCO5)c3)ncnc12,9.337242168,439.1644395,6,3,3.528,TRUE
41,CHEMBL3675510,0.47,nM,NC(=O)c1cccc2c(NCc3cccc(NC(=O)C4=CC(F)C(Cl)C=C4)c3)ncnc12,9.327902142,451.1211307,5,3,3.721,TRUE
42,CHEMBL3685249,0.5,nM,CC(=O)Nc1ccc(C(=O)Nc2cccc(CNc3ncnc4c(C(N)=O)cccc34)c2)cc1,9.301029996,454.1753386,6,4,3.5515,TRUE
43,CHEMBL3680588,0.5,nM,CCC(Nc1ncnc2c(C(N)=O)cccc12)c1cccc(NC(=O)C2CC(F)(F)C2)c1,9.301029996,439.1819814,5,3,4.2757,TRUE
44,CHEMBL3680522,0.5,nM,COc1ccc(C(=O)Nc2cccc(CNc3ccnc4c(C(N)=O)cccc34)c2)cc1F,9.301029996,444.1597688,5,3,4.3458,TRUE
45,CHEMBL2380829,0.5,nM,O=C(Nc1ccc(Nc2ccnc3[nH]c(=O)c4ccccc4c23)cc1)c1cccc(F)c1F,9.301029996,442.1241322,4,3,5.3504,TRUE
46,CHEMBL3680587,0.5,nM,Cc1nc(-c2cccc(C(=O)Nc3cccc(CNc4ncnc5c(C(N)=O)cccc45)c3)c2)no1,9.301029996,479.1705875,8,3,3.95152,TRUE
47,CHEMBL3680455,0.51,nM,NC(=O)c1cccc2c(NCc3cccc(NC(=O)c4cc(C(F)(F)F)n[nH]4)c3)ncnc12,9.292429824,455.1317574,6,4,3.335,TRUE
48,CHEMBL3685272,0.52,nM,NC(=O)c1cccc2c(NCc3cccc(NC(=O)c4ccc(Cl)c(C(F)(F)F)c4)c3)ncnc12,9.283996656,499.1022871,5,3,5.2653,TRUE
49,CHEMBL3670470,0.52,nM,CN(C)c1ccc(C(=O)Nc2cccc(CNc3ncnc4c(C(N)=O)cccc34)c2)cc1,9.283996656,440.196074,6,3,3.6591,TRUE
50,CHEMBL3680599,0.54,nM,CCC(Nc1ncnc2c(C(N)=O)cccc12)c1cccc(NC(=O)C2CC2(F)F)c1,9.26760624,425.1663314,5,3,3.8856,TRUE
51,CHEMBL3680446,0.57,nM,COc1ccc(C(=O)Nc2cccc(C(C)Nc3ncnc4c(C(N)=O)cccc34)c2)cc1F,9.244125144,459.1706678,6,3,4.3018,TRUE
52,CHEMBL3680467,0.58,nM,NC(=O)c1cccc2c(NCC3C=CC=C(NC=O)C3)ncnc12,9.236572006,323.1382248,5,3,1.3466,TRUE
53,CHEMBL3680421,0.58,nM,CCn1nc(C(F)(F)F)cc1C(=O)Nc1cccc(C(C)Nc2ncnc3c(C(N)=O)cccc23)c1,9.236572006,497.1787076,7,3,4.3893,TRUE
54,CHEMBL3639742,0.59,nM,NC(=O)c1cccc2c(NCc3ccc(F)cc3F)ncnc12,9.229147988,314.0979174,4,2,2.619,TRUE
55,CHEMBL3685307,0.6,nM,COc1ccc(C(=O)Nc2cccc(CNc3ncnc4c(C(N)=O)cc(O)cc34)c2)cc1,9.22184875,443.1593542,7,4,3.3073,TRUE
56,CHEMBL2380831,0.6,nM,O=C(Nc1ccc(Nc2ccnc3[nH]c(=O)c4ccccc4c23)cc1)c1c(F)cccc1F,9.22184875,442.1241322,4,3,5.3504,TRUE
57,CHEMBL3685268,0.62,nM,CC(Nc1ncnc2c(C(N)=O)cccc12)c1cccc(NC(=O)c2ccc(CN(C)C)cc2)c1,9.207608311,468.2273741,6,3,4.2157,TRUE
58,CHEMBL3675466,0.66,nM,CC(Nc1ncnc2c(C(N)=O)cccc12)c1cccc(NC(=O)C2=CCC(Br)C=C2)c1,9.180456064,491.095687,5,3,4.4901,TRUE
60,CHEMBL3685308,0.68,nM,NC(=O)C1=c2ncnc(NCc3cccc(NC(=O)c4ccc(C(F)(F)F)cc4)c3)c2=CCC1,9.167491087,467.1569095,5,3,2.5701,TRUE
61,CHEMBL3675506,0.69,nM,NC(=O)c1cccc2c(NCc3ccc(F)c(NC(=O)c4ccc(Br)cc4)c3)ncnc12,9.161150909,493.0549651,5,3,4.4947,TRUE
62,CHEMBL2380833,0.7,nM,O=C(Nc1ccc(Nc2ccnc3[nH]c(=O)c4ccccc4c23)cc1)c1cc(F)cc(F)c1,9.15490196,442.1241322,4,3,5.3504,TRUE
63,CHEMBL3670468,0.71,nM,NC(=O)c1cccc2c(NCc3cccc(NC(=O)c4ccc(Br)cc4)c3)ncnc12,9.148741651,475.0643869,5,3,4.3556,TRUE
64,CHEMBL3680571,0.73,nM,NC(=O)c1cccc2c(NCc3cccc(NC(=O)c4ccc(CO)cc4)c3)ncnc12,9.13667714,427.1644395,6,4,3.0854,TRUE
65,CHEMBL3670498,0.73,nM,CN(C)c1cccc(C(=O)Nc2cccc(CNc3ncnc4c(C(N)=O)cccc34)c2)n1,9.13667714,441.191323,7,3,3.0541,TRUE
66,CHEMBL3680551,0.74,nM,NCc1cnc(Nc2cccc(CNc3ncnc4c(C(N)=O)cccc34)c2)s1,9.13076828,405.1371792,8,4,2.9996,TRUE
67,CHEMBL3680577,0.76,nM,N#CCc1ccc(Nc2cccc(CNc3ncnc4c(C(N)=O)cccc34)c2)nc1,9.119186408,409.1651082,7,3,3.54548,TRUE
68,CHEMBL3685251,0.79,nM,NC(=O)c1cccc2c(NCc3cccc(NC(=O)c4cccc(Br)c4)c3)ncnc12,9.102372909,475.0643869,5,3,4.3556,TRUE
69,CHEMBL2380832,0.8,nM,O=C(Nc1ccc(Nc2ccnc3[nH]c(=O)c4ccccc4c23)cc1)c1ccc(F)c(F)c1,9.096910013,442.1241322,4,3,5.3504,TRUE
70,CHEMBL3685267,0.8,nM,COc1ccc(C(=O)Nc2cc(CNc3ncnc4c(C(N)=O)cccc34)ccc2C)cc1,9.096910013,441.1800896,6,3,3.91012,TRUE
71,CHEMBL3685293,0.81,nM,NC(=O)c1cccc2c(NCc3cccc(NC(=O)c4ccc(N5CCCCC5)nc4)c3)ncnc12,9.091514981,481.2226231,7,3,3.9784,TRUE
72,CHEMBL3675380,0.82,nM,C[C@@H](Nc1ncnc2c(C(N)=O)cccc12)c1ccccc1,9.086186148,292.1324111,4,2,2.9018,TRUE
74,CHEMBL3685266,0.88,nM,NC(=O)c1cccc2c(NCc3cccc(NC(=O)c4c(F)cccc4F)c3)ncnc12,9.055517328,433.1350312,5,3,3.8713,TRUE
75,CHEMBL3675520,0.89,nM,CC(Nc1ncnc2c(C(N)=O)cccc12)c1cccc(NC(=O)c2ccc3c(c2)OCCO3)c1,9.050609993,469.1750042,7,3,3.9253,TRUE
76,CHEMBL2063459,0.9,nM,Nc1ncnn2ccc(C(=O)Nc3cccc(CNC(=O)Nc4ccc(Cl)cc4)c3)c12,9.045757491,435.1210505,6,4,3.5389,TRUE
77,CHEMBL3680474,0.94,nM,Cc1cc(C(=O)Nc2cccc(C(C)Nc3ncnc4c(C(N)=O)cccc34)c2)c(C(F)(F)F)o1,9.026872146,483.1518242,6,3,5.07432,TRUE
78,CHEMBL3680499,0.94,nM,COCCC(Nc1ncnc2c(C(N)=O)cccc12)c1cccc(NC(=O)c2ccc(OC)cc2)c1,9.026872146,485.2063043,7,3,4.1793,TRUE
79,CHEMBL3670497,0.94,nM,CN(C)c1ccc(C(=O)Nc2cccc(CNc3ncnc4c(C(N)=O)cccc34)c2)cn1,9.026872146,441.191323,7,3,3.0541,TRUE
80,CHEMBL3680542,0.94,nM,NC(=O)c1cccc2c(NCc3cccc(Nc4ccccn4)c3)ncnc12,9.026872146,370.1542092,6,3,3.4794,TRUE
81,CHEMBL3680567,0.96,nM,COc1ccc(C(=O)Nc2cccc(CNc3ncnc4c(C(N)=O)cc(CO)cc34)c2)cc1,9.017728767,457.1750042,7,4,3.094,TRUE
82,CHEMBL3680556,1,nM,NC(=O)c1cccc2c(NCc3cccc(NC(=O)c4ccc(-c5ncc[nH]5)cc4)c3)ncnc12,9,463.1756729,6,4,3.9832,TRUE
83,CHEMBL2380827,1,nM,O=C(Nc1ccc(Nc2ccnc3[nH]c(=O)c4ccccc4c23)cc1)c1ccc(F)cc1,9,424.133554,4,3,5.2113,TRUE
84,CHEMBL2380830,1,nM,O=C(Nc1ccc(Nc2ccnc3[nH]c(=O)c4ccccc4c23)cc1)c1ccc(F)cc1F,9,442.1241322,4,3,5.3504,TRUE
85,CHEMBL2380835,1,nM,O=C(Nc1ccc(Nc2ccnc3[nH]c(=O)c4ccccc4c23)cc1)c1cccc(C(F)(F)F)c1F,9,492.1209386,4,3,6.2301,TRUE
86,CHEMBL2380838,1,nM,COc1cccc(F)c1C(=O)Nc1ccc(Nc2ccnc3[nH]c(=O)c4ccccc4c23)cc1,9,454.1441187,5,3,5.2199,TRUE
87,CHEMBL2063461,1,nM,Cc1ccc(NC(=O)NCc2cccc(NC(=O)c3ccn4ncnc(N)c34)c2)cc1,9,415.1756729,6,4,3.19392,TRUE
89,CHEMBL2380824,1,nM,O=C(Nc1ccc(Nc2ccnc3[nH]c(=O)c4ccccc4c23)cc1)c1ccccc1C(F)(F)F,9,474.1303604,4,3,6.091,TRUE
90,CHEMBL2380825,1,nM,O=C(Nc1ccc(Nc2ccnc3[nH]c(=O)c4ccccc4c23)cc1)c1cccc(F)c1,9,424.133554,4,3,5.2113,TRUE
91,CHEMBL1097106,1,nM,O=C(Nc1ccccc1)Nc1ccc(-c2nn(CC(O)CO)cc2-c2ccnc3[nH]ccc23)cc1,9,468.1909886,6,5,4.0906,TRUE
92,CHEMBL215275,1,nM,CCN(CCO)CCCOc1cc2ncnc(Nc3cc(CC(=O)Nc4cccc(F)c4)[nH]n3)c2cc1OC,9,537.2499807,9,4,3.5085,TRUE
93,CHEMBL3680548,1,nM,NC(=O)c1cccc2c(NCc3cccc(Nc4nccs4)c3)ncnc12,9,376.1106301,7,3,3.5409,TRUE
94,CHEMBL3670504,1,nM,COCCN(C)CCCOc1cc(C(N)=O)c2ncnc(NCc3ccc(C(F)(F)F)cc3)c2c1,9,491.2144244,7,2,3.7067,TRUE
95,CHEMBL3680476,1,nM,COc1ccc(C(=O)Nc2cccc(C(CCN(C)C)Nc3ncnc4c(C(N)=O)cccc34)c2)cc1,9,498.2379388,7,3,4.0945,TRUE
96,CHEMBL381724,1,nM,COc1cc2c(Nc3cnc(NC(=O)c4ccccc4)nc3)ncnc2cc1OCCCN1CCOCC1,9,515.2281024,10,2,3.5254,TRUE
97,CHEMBL3393498,1,nM,CCOC(=O)c1[nH]cc2c1NC1=C(C(=O)CCC1)[C@H]2c1cccc(Oc2nc3ccccc3[nH]2)c1,9,468.1797552,6,3,5.4245,TRUE
98,CHEMBL3685248,1.1,nM,NC(=O)c1cccc2c(NCc3cccc(NC(=O)C4CCCCC4)c3)ncnc12,8.958607315,403.200825,5,3,3.8596,TRUE
99,CHEMBL3675453,1.1,nM,NC(=O)c1cccc2c(NCc3cccc(NC(=O)c4cncc(N5CCCC5)c4)c3)ncnc12,8.958607315,467.206973,7,3,3.5883,TRUE
100,CHEMBL3680470,1.1,nM,CN(C)CCC(Nc1ncnc2c(C(N)=O)cccc12)c1cccc(NC(O)c2cc(C3CC3)n[nH]2)c1,8.958607315,500.2648223,8,5,3.5371,TRUE
102,CHEMBL1173411,1.19,nM,COc1ccc(NC(=O)Nc2ccc3c(c2)NC(=O)/C3=C\c2[nH]cc(C(=O)O)c2C)cc1,8.924453039,432.1433697,4,5,4.16662,TRUE
103,CHEMBL3675491,1.2,nM,CC(Nc1ncnc2c(C(N)=O)cccc12)c1cccc(NC(=O)c2ccc(Cl)c(F)c2)c1,8.920818754,463.1211307,5,3,4.9466,TRUE
104,CHEMBL3685241,1.2,nM,Cc1ccccc1C(=O)Nc1cccc(CNc2ncnc3c(C(N)=O)cccc23)c1,8.920818754,411.1695249,5,3,3.90152,TRUE
105,CHEMBL3329669,1.2,nM,COc1ccc(C(=O)NC(=O)Nc2ccc3c(c2)NC(=O)/C3=C\c2[nH]c(C)c(CCC(=O)O)c2C)cc1,8.920818754,502.1852346,5,5,4.11194,TRUE
106,CHEMBL3680549,1.2,nM,NC(=O)c1cccc2c(NCc3cccc(NC(=O)c4cn[nH]c4N)c3)ncnc12,8.920818754,402.1552718,7,5,1.8984,TRUE
107,CHEMBL3670471,1.2,nM,NC(=O)c1cccc2c(NCc3cccc(NC(=O)c4ccc5c(c4)OCO5)c3)ncnc12,8.920818754,441.1437041,7,3,3.3218,TRUE
108,CHEMBL3670474,1.2,nM,NC(=O)c1cccc2c(NCc3cccc(NC(=O)c4ccc(SC(F)(F)F)cc4)c3)ncnc12,8.920818754,497.1133305,6,3,5.205,TRUE
110,CHEMBL3329673,1.3,nM,COc1ccc(C(=O)NC(=O)Nc2ccc3c(c2)NC(=O)/C3=C\c2[nH]c(C)c(CCC(=O)O)c2C)c(F)c1,8.886056648,520.1758127,5,5,4.25104,TRUE
111,CHEMBL3675465,1.3,nM,CC(Nc1ncnc2c(C(N)=O)cccc12)c1cccc(NC(=O)c2cc(C(C)(C)C)n[nH]2)c1,8.886056648,457.2226231,6,4,4.1747,TRUE
112,CHEMBL3675406,1.4,nM,CN(C)CC(Nc1ncnc2c(C(N)=O)cccc12)c1cccc(NC(=O)c2ccnc(N3CCCC3)c2)c1,8.853871964,524.2648223,8,3,3.691,TRUE
113,CHEMBL3675487,1.4,nM,CCC(Nc1ncnc2c(C(N)=O)cccc12)c1cccc(NC(=O)c2ccc(C(F)(F)F)nc2)c1,8.853871964,494.1678086,6,3,4.958,TRUE
115,CHEMBL3680390,1.4,nM,NC(=O)C1=c2ncnc(NC(CCN3CCCC3)c3cccc(NC(=O)c4ccc(Br)cc4)c3)c2=CCC1,8.853871964,574.1691863,6,3,3.3408,TRUE
116,CHEMBL3670464,1.4,nM,NC[C@@H](Nc1ncnc2c(C(N)=O)cccc12)c1ccccc1,8.853871964,307.1433102,5,3,1.8406,TRUE
117,CHEMBL3329675,1.5,nM,COc1ccc(C(=O)NC(=O)Nc2cc3c(cc2F)/C(=C/c2[nH]c(C)c(CCC(=O)O)c2C)C(=O)N3)c(F)c1,8.823908741,538.1663909,5,5,4.39014,TRUE
118,CHEMBL3685286,1.5,nM,NC(=O)c1cccc2c(NC(CCN3CCCCC3)c3cccc(NC(O)c4ccccc4)c3)ncnc12,8.823908741,510.2743243,7,4,4.8609,TRUE
120,CHEMBL3329670,1.5,nM,COc1ccc(C(=O)NC(=O)Nc2cc3c(cc2F)/C(=C/c2[nH]c(C)c(C(=O)O)c2C)C(=O)N3)cc1,8.823908741,492.1445126,5,5,3.93204,TRUE
121,CHEMBL3675337,1.5,nM,NC(=O)c1cccc2c(NCc3cccc(F)c3)ncnc12,8.823908741,296.1073393,4,2,2.4799,TRUE
122,CHEMBL3680481,1.5,nM,CS(=O)(=O)c1ccc(C(=O)Nc2cccc(CNc3ncnc4c(C(N)=O)cccc34)c2)cc1,8.823908741,475.1314252,7,3,2.9966,TRUE
124,CHEMBL3685214,1.5,nM,NC(=O)c1cccc2c(NC(CCN3CCCCC3)c3cccc(Nc4ccccn4)c3)ncnc12,8.823908741,481.2590086,7,3,4.8965,TRUE
125,CHEMBL3675371,1.5,nM,NC(=O)c1cccc2c(NCc3cccc(NC(=O)Nc4ccccc4)c3)ncnc12,8.823908741,412.1647739,5,4,3.9848,TRUE
126,CHEMBL3685210,1.6,nM,NC(=O)c1cccc2c(NCc3cccc(NC(=O)c4cnn5c4CNCC5)c3)ncnc12,8.795880017,442.1865719,8,4,1.8928,TRUE
128,CHEMBL3685254,1.6,nM,NC(=O)c1cccc2c(NCc3cccc(NC(=O)C4CCCNC4)c3)ncnc12,8.795880017,404.196074,6,4,2.2789,TRUE
129,CHEMBL3675325,1.6,nM,NC(=O)c1cc(OCCCNCCO)cc2c(NCc3ccc(C(F)(F)F)cc3)ncnc12,8.795880017,463.1831243,7,4,2.7104,TRUE
130,CHEMBL3670478,1.6,nM,NC(=O)c1cccc2c(NCc3cccc(NC(=O)Cc4ccc(Cl)cc4)c3)ncnc12,8.795880017,445.1305526,5,3,4.1754,TRUE
131,CHEMBL3685242,1.7,nM,CN(C)c1cccc(C(=O)Nc2cccc(CNc3ncnc4c3=CCCC=4C(N)=O)c2)c1,8.769551079,442.2117241,6,3,1.6173,TRUE
133,CHEMBL3670476,1.7,nM,COc1cc(C(N)=O)c2ncnc(NCc3cccc(NC(=O)c4ccc(F)cc4)c3)c2c1,8.769551079,445.1550177,6,3,3.7408,TRUE
134,CHEMBL3329668,1.8,nM,COc1ccc(C(=O)NC(=O)Nc2ccc3c(c2)NC(=O)/C3=C\c2[nH]c(C)c(CC(=O)O)c2C)cc1,8.744727495,488.1695845,5,5,3.72184,TRUE
135,CHEMBL3685247,1.8,nM,CCOc1ccc(C(=O)Nc2cccc(CNc3ncnc4c(C(N)=O)cccc34)c2)cc1,8.744727495,441.1800896,6,3,3.9918,TRUE
136,CHEMBL3685287,1.8,nM,NC(=O)c1cccc2c(NCc3ccc(F)c(NC(=O)c4ccc(OC(F)(F)F)cc4)c3)ncnc12,8.744727495,499.1267523,6,3,4.6308,TRUE
137,CHEMBL3675516,1.8,nM,C=CCN(C)CCC(Nc1ncnc2c(C(N)=O)cccc12)c1cccc(NC(=O)c2ccc(OC)cc2)c1,8.744727495,524.2535889,7,3,4.6507,TRUE
138,CHEMBL3680532,1.8,nM,COc1ccc(C(=O)Nc2cccc(CNc3ncnc4c(C(N)=O)cccc34)c2)cc1C(F)(F)F,8.744727495,495.1518242,6,3,4.6205,TRUE
139,CHEMBL3675431,1.9,nM,COc1ccc(C(=O)Nc2cccc(C(CN(C)C)Nc3ncnc4c3=CCCC=4C(N)=O)c2)cc1F,8.721246399,504.228517,7,3,1.8017,TRUE
140,CHEMBL3329664,1.9,nM,COc1ccc(C(=O)NC(=O)Nc2ccc3c(c2)NC(=O)/C3=C\c2[nH]c(C)c(C(=O)O)c2C)cc1,8.721246399,474.1539344,5,5,3.79294,TRUE
141,CHEMBL3685222,1.9,nM,CC(C)N1CCC(C(=O)Nc2cccc(CNC3=NC=NC4C(C(N)=O)=CCC=C34)c2)CC1,8.721246399,448.2586743,6,3,2.3859,TRUE
142,CHEMBL3685255,1.9,nM,CN(C)CCC(Nc1ncnc2c(C(N)=O)cccc12)c1cccc(NC(=O)c2ccccc2)c1,8.721246399,468.2273741,6,3,4.0859,TRUE
143,CHEMBL2380823,2,nM,O=C(Nc1ccc(Nc2ccnc3[nH]c(=O)c4ccccc4c23)cc1)c1ccccc1F,8.698970004,424.133554,4,3,5.2113,TRUE
144,CHEMBL2380826,2,nM,Cc1ccc(C(=O)Nc2ccc(Nc3ccnc4[nH]c(=O)c5ccccc5c34)cc2)cc1,8.698970004,420.1586259,4,3,5.38062,TRUE
146,CHEMBL2380839,2,nM,COc1ccccc1C(=O)Nc1ccc(Nc2ccnc3[nH]c(=O)c4ccccc4c23)cc1,8.698970004,436.1535405,5,3,5.0808,TRUE
147,CHEMBL3087777,2,nM,CC(=O)N[C@@H]1CCN(c2c(Cl)cnc3[nH]c(-c4cn(C)nc4C)nc23)C1,8.698970004,373.1417859,6,2,2.03502,TRUE
148,CHEMBL3393486,2,nM,CCOC(=O)c1[nH]cc2c1NC1=C(C(=O)CN(C(=O)CN)C1)[C@H]2c1ccc(Sc2nc3c(F)cccc3[nH]2)o1.Cl,8.698970004,586.1201448,9,4,3.5543,TRUE
149,CHEMBL3685258,2,nM,NC(=O)c1cccc2c(NCc3cccc(NC(=O)c4cccc(OC(F)(F)F)c4)c3)ncnc12,8.698970004,481.1361741,6,3,4.4917,TRUE
150,CHEMBL1089116,2,nM,CCn1cc(-c2ccnc3[nH]ccc23)c(-c2ccc(NC(=O)Nc3ccccc3)cc2)n1,8.698970004,422.1855093,4,3,5.7573,TRUE
151,CHEMBL1097454,2,nM,O=C(Nc1ccccc1)Nc1ccc(-c2nn(CCCO)cc2-c2ccnc3[nH]ccc23)cc1,8.698970004,452.196074,5,4,5.1198,TRUE
152,CHEMBL3680544,2,nM,CCOC(=O)c1cnc(Nc2cccc(CNc3ncnc4c(C(N)=O)cccc34)c2)s1,8.698970004,448.1317595,9,3,3.7176,TRUE
153,CHEMBL3393470,2,nM,COC(=O)c1[nH]cc2c1NC1=C(C(=O)CCC1)C2c1ccc(Sc2nc3ccccc3[nH]2)o1,8.698970004,460.1205261,7,3,4.9863,TRUE
154,CHEMBL469205,2,nM,Cc1[nH]nc2c1CCCc1c-2[nH]c2cc3c(cc12)NC(=O)C3(C)C,8.698970004,320.1637113,2,3,3.58482,TRUE
155,CHEMBL3393472,2,nM,CCOC(=O)c1[nH]cc2c1NC1=C(C(=O)CNC1)C2c1ccc(Sc2nc3ccccc3[nH]2)o1.Cl.O,8.698970004,529.1186675,8,4,3.3928,TRUE
156,CHEMBL3393065,2,nM,CCOC(=O)c1[nH]cc2c1NC1=C(C(=O)CCC1)C2c1cc(Sc2nc3ccccc3[nH]2)cs1,8.698970004,490.1133326,7,3,5.8449,TRUE
157,CHEMBL3685280,2,nM,NC(=O)c1cccc2c(NCc3cccc(NC(=O)c4ccccc4F)c3)ncnc12,8.698970004,415.144453,5,3,3.7322,TRUE
158,CHEMBL216769,2,nM,COc1cc2c(Nc3cc(CC(=O)Nc4cccc(F)c4)[nH]n3)ncnc2cc1OCCCN1CCC(CO)CC1,8.698970004,563.2656308,9,4,3.8986,TRUE
159,CHEMBL217804,2,nM,CCCN(CCO)CCCOc1cc2ncnc(Nc3cc(CC(=O)Nc4cccc(F)c4)[nH]n3)c2cc1OC,8.698970004,551.2656308,9,4,3.8986,TRUE
161,CHEMBL3670472,2.1,nM,NC(=O)c1cccc2c(NCc3cccc(NC(=O)Cc4ccccc4)c3)ncnc12,8.677780705,411.1695249,5,3,3.522,TRUE
162,CHEMBL3680480,2.1,nM,CCOc1cc(C(=O)Nc2cccc(C(C)Nc3ncnc4c(C(N)=O)cccc34)c2)ccn1,8.677780705,456.1909886,7,3,3.9478,TRUE
163,CHEMBL3680392,2.1,nM,NC(=O)c1cccc2c(NCc3cccc(NC(=O)c4ccnc(N5CCCC5)c4)c3)ncnc12,8.677780705,467.206973,7,3,3.5883,TRUE
164,CHEMBL3680395,2.2,nM,CN(C)CCC(Nc1ncnc2c(C(N)=O)cccc12)c1cccc(NC(=O)c2ccc(OC(F)(F)F)cc2)c1,8.657577319,552.2096734,7,3,4.9845,TRUE
165,CHEMBL3680557,2.2,nM,Cc1cc(C(=O)Nc2cccc(CNc3ncnc4c(C(N)=O)cccc34)c2)ccc1N1CCOCC1,8.657577319,496.2222888,7,3,3.73812,TRUE
166,CHEMBL2392111,2.2,nM,CS(=O)(=O)c1nc(Cl)cc(Nc2c[nH]nc2-c2nc3cc(CN4CCOCC4)ccc3[nH]2)n1,8.657577319,488.1145852,9,3,2.3757,TRUE
167,CHEMBL3670465,2.2,nM,NC(=O)c1cccc2c(NCc3cccc(NC(=O)N4CCCCC4)c3)ncnc12,8.657577319,404.196074,5,3,3.3586,TRUE
168,CHEMBL3680391,2.3,nM,COc1ccc(C(=O)NC2=CC(C(CCN(C)C)Nc3ncnc4c(C(N)=O)cccc34)=CCC2)c(F)c1,8.638272164,518.2441671,7,3,3.6427,TRUE
169,CHEMBL3680436,2.3,nM,COc1cc(C(=O)NC2=CCCC(C(C)Nc3ncnc4c(C(N)=O)cccc34)=C2)ccn1,8.638272164,444.1909886,7,3,2.9668,TRUE
170,CHEMBL3680582,2.3,nM,NC(=O)c1cccc2c(NCc3cccc(NC(=O)c4ccc(N5CCOCC5)c(C(F)(F)F)c4)c3)ncnc12,8.638272164,550.1940233,7,3,4.4485,TRUE
171,CHEMBL3685240,2.3,nM,Cc1cc(C(=O)Nc2cccc(CNc3ncnc4c(C(N)=O)cccc34)c2)[nH]n1,8.638272164,401.1600228,6,4,2.62462,TRUE
172,CHEMBL3680464,2.3,nM,NC(=O)c1cccc2c(NCc3cccc(NC(=O)c4ccnc(N5CCCCC5)c4)c3)ncnc12,8.638272164,481.2226231,7,3,3.9784,TRUE
173,CHEMBL2347053,2.3,nM,O=C1Nc2ccccc2/C1=C/c1c[nH]nc1-c1ccccc1[N+](=O)[O-],8.638272164,332.0909402,4,2,3.4776,TRUE
174,CHEMBL3329672,2.3,nM,COc1ccc(C(=O)NC(=O)Nc2ccc3c(c2)NC(=O)/C3=C\c2[nH]c(C)c(C(=O)O)c2C)c(F)c1,8.638272164,492.1445126,5,5,3.93204,TRUE
175,CHEMBL2392112,2.3,nM,Cc1ccc2[nH]c(-c3n[nH]cc3Nc3cc(Cl)nc(S(C)(=O)=O)n3)nc2c1,8.638272164,403.0618214,7,3,2.85192,TRUE
176,CHEMBL3685261,2.4,nM,N#Cc1ccc(C(=O)Nc2cccc(CNc3ncnc4c(C(N)=O)cccc34)c2)cc1,8.619788758,422.1491238,6,3,3.46478,TRUE
177,CHEMBL3680388,2.4,nM,CC(Nc1ncnc2c(C(N)=O)cccc12)c1cccc(NC(=O)c2ccccc2)c1,8.619788758,411.1695249,5,3,4.1541,TRUE
178,CHEMBL3675442,2.4,nM,CN(C)C[C@@H](Nc1ncnc2c(C(N)=O)cccc12)c1ccccc1,8.619788758,335.1746103,5,2,2.4435,TRUE
179,CHEMBL3670424,2.5,nM,COc1ccccc1NC(=O)Nc1cccc(CNc2ncnc3c(C(N)=O)cccc23)c1,8.602059991,442.1753386,6,4,3.9934,TRUE
180,CHEMBL3680531,2.5,nM,NC(=O)C1=c2ncnc(NC(CCN3CCCC3)c3cccc(NC(=O)c4ccccc4)c3)c2=CCC1,8.602059991,496.2586743,6,3,2.5783,TRUE
181,CHEMBL3675504,2.5,nM,CN(C)CCC(Nc1ncnc2c(C(N)=O)cccc12)C1=CCCC(NC(=O)c2cccc(F)c2F)=C1,8.602059991,506.2241806,6,3,3.7732,TRUE
182,CHEMBL3680597,2.5,nM,NC(=O)c1cccc2c(NCc3cccc(Nc4nc5ccccc5s4)c3)ncnc12,8.602059991,426.1262802,7,3,4.6941,TRUE
184,CHEMBL458421,2.6,nM,O=C(Nc1c[nH]nc1-c1nc2cc(CN3CCOCC3)ccc2[nH]1)Nc1c(F)cccc1F,8.585026652,453.1724794,5,4,3.7074,TRUE
185,CHEMBL3639693,2.6,nM,CN(C)c1cc(C(=O)Nc2cccc(CNc3ncnc4c(C(N)=O)cccc34)c2)ccn1,8.585026652,441.191323,7,3,3.0541,TRUE
187,CHEMBL3685265,2.7,nM,COc1ccc(C(=O)Nc2ccc(F)c(CNc3ncnc4c(C(N)=O)cccc34)c2)cc1,8.568636236,445.1550177,6,3,3.7408,TRUE
188,CHEMBL3685244,2.7,nM,COCCOc1cc(C(N)=O)c2ncnc(NCc3cccc(NC(=O)c4ccc(OC)cc4)c3)c2c1,8.568636236,501.201219,8,3,3.6269,TRUE
189,CHEMBL3685288,2.8,nM,COc1ccc(C(=O)Nc2cccc(C(CCN3CCCC3)Nc3ncnc4c(C(N)=O)cccc34)c2)cc1,8.552841969,524.2535889,7,3,4.6287,TRUE
190,CHEMBL4443086,2.8,nM,CCCCOC(=O)Cc1cc(Nc2nc(Nc3ccc(C(=O)NC4CC(C)(C)N([O])C(C)(C)C4)cc3)ncc2F)n[nH]1,8.552841969,581.3000049,9,4,4.8087,TRUE
191,CHEMBL3670487,2.9,nM,NC(=O)c1cccc2c(NCc3cccc(NC(=O)c4cccc(Cl)n4)c3)ncnc12,8.537602002,432.1101515,6,3,3.6415,TRUE
192,CHEMBL3322595,2.9,nM,Cc1[nH]c(/C=C2\C(=O)Nc3cc(NC(=O)c4c[nH]cc(-c5ccc(F)cc5)c4=O)ccc32)c(C)c1C(=O)N1CCOCC1,8.537602002,581.2074472,5,4,4.34334,TRUE
193,CHEMBL4799497,2.981,nM,Cn1cc(-c2ccc3c(Nc4cccc(NC(=O)Nc5ccccc5F)c4)ncnc3c2)cn1,8.525638024,453.1713365,6,3,5.557,TRUE
194,CHEMBL3329671,3,nM,COc1ccc(C(=O)NC(=O)Nc2cc3c(cc2F)/C(=C/c2[nH]c(C)c(CCC(=O)O)c2C)C(=O)N3)cc1,8.522878745,520.1758127,5,5,4.25104,TRUE
195,CHEMBL3670473,3,nM,NC(=O)c1cccc2c(NCc3cccc(NC(=O)c4ccc(F)c(F)c4)c3)ncnc12,8.522878745,433.1350312,5,3,3.8713,TRUE
196,CHEMBL495727,3,nM,O=C(Nc1c[nH]nc1-c1nc2ccc(CN3CCOCC3)cc2[nH]1)NC1CC1,8.522878745,381.191323,5,4,2.0691,TRUE
197,CHEMBL3680429,3,nM,COc1ccc(C(O)/N=C2\C=CCC(CNc3ncnc4c(C(N)=O)cccc34)C2)cc1C,8.522878745,445.2113897,7,3,3.55592,TRUE
198,CHEMBL3699142,3,nM,CCNC(=O)C#Cc1ccc2c(c1)NC(=O)/C2=C(\Nc1ccc(CN(C)C)cc1)c1ccccc1,8.522878745,464.2212261,4,3,4.1683,TRUE
200,CHEMBL3393469,3,nM,CCOC(=O)c1[nH]cc2c1NC1=C(C(=O)CCC1)C2c1ccc(Sc2nc3ccccc3[nH]2)o1,8.522878745,474.1361762,7,3,5.3764,TRUE
201,CHEMBL1099010,3,nM,O=C(Nc1ccccc1)Nc1ccc(-c2nn(CCO)cc2-c2ccnc3[nH]ccc23)cc1,8.522878745,438.1804239,5,4,4.7297,TRUE
202,CHEMBL3329674,3,nM,COc1ccc(C(=O)NC(=O)Nc2cc3c(cc2F)/C(=C/c2[nH]c(C)c(C(=O)O)c2C)C(=O)N3)c(F)c1,8.522878745,510.1350908,5,5,4.07114,TRUE
203,CHEMBL2063444,3,nM,Nc1noc2cccc(C(=O)Nc3cccc(CNC(=O)Nc4ccc(Cl)cc4)c3)c12,8.522878745,435.1098171,5,4,4.6374,TRUE
204,CHEMBL3393488,3,nM,CCOC(=O)c1[nH]cc2c1NC1=C(C(=O)CNC1)C2c1ccc(Sc2nc3c(F)cccc3[nH]2)o1,8.522878745,493.1220033,8,4,3.9348,TRUE
205,CHEMBL2012409,3,nM,Cn1cc(Nc2ncc3cnn([C@@H]4C[C@H]5C[C@H]5C4)c3n2)cc1C(=O)N1CCC[C@H]1CO,8.522878745,421.2226231,8,2,2.4763,TRUE
206,CHEMBL2163394,3,nM,Cc1cc(Nc2nc(Sc3ccc(NC(=O)CN4CC[C@@H](C(=O)NC5CCCC5)C4)cc3)nn3cccc23)n[nH]1,8.522878745,559.2477923,9,4,3.97482,TRUE
208,CHEMBL3675538,3.1,nM,COCCC(Nc1ncnc2c(C(N)=O)cccc12)c1cccc(NC(=O)c2ccc(F)c(F)c2)c1,8.508638306,491.176896,6,3,4.4489,TRUE
210,CHEMBL3685285,3.3,nM,CC(Nc1ncnc2c(C(N)=O)cccc12)c1cccc(NC(=O)c2ccc(CN3CCCC3)cc2)c1,8.48148606,494.2430242,6,3,4.7499,TRUE
211,CHEMBL3685212,3.3,nM,NC(=O)c1cccc2c(NCc3cccc(Nc4ncccn4)c3)ncnc12,8.48148606,371.1494582,7,3,2.8744,TRUE
212,CHEMBL4761521,3.4,nM,O=C(Nc1ccc(CCNc2n[nH]c(=O)c3ccccc23)cc1)NC1CCCCC1,8.468521083,405.2164751,4,4,4.0319,TRUE
213,CHEMBL3680411,3.5,nM,COCCN(C)c1cc(C(=O)Nc2cccc(CNc3ncnc4c(C(N)=O)cccc34)c2)ccn1,8.455931956,485.2175377,8,3,3.0707,TRUE
214,CHEMBL4447241,3.5,nM,CC1(C)CC(NC(=O)c2ccc(Nc3ncc([N+](=O)[O-])c(Nc4ccc(O)cc4)n3)cc2)CC(C)(C)N1[O],8.455931956,520.2308421,9,4,4.6745,TRUE
215,CHEMBL4440617,3.5,nM,CC1(C)CC(NC(=O)c2ccc(Nc3ncc([N+](=O)[O-])c(Nc4cccc(O)c4)n3)cc2)CC(C)(C)N1[O],8.455931956,520.2308421,9,4,4.6745,TRUE
217,CHEMBL3680509,3.6,nM,COc1ccc(C(=O)Nc2cccc(CNc3ncnc4c(C(N)=O)cccc34)c2)c(OC)c1,8.443697499,457.1750042,7,3,3.6103,TRUE
218,CHEMBL3685309,3.8,nM,NC(=O)c1cccc2c(NCc3cccc(NC(=O)c4ccccc4C(F)(F)F)c3)ncnc12,8.420216403,465.1412595,5,3,4.6119,TRUE
219,CHEMBL3675353,3.9,nM,NC(=O)c1cccc2c(NCc3ccc4c(c3)OCO4)ncnc12,8.408935393,322.1065903,6,2,2.0695,TRUE
220,CHEMBL3670427,3.9,nM,NC(=O)c1cccc2c(NCc3cc(F)cc(F)c3)ncnc12,8.408935393,314.0979174,4,2,2.619,TRUE
221,CHEMBL2029911,4,nM,Cc1c(-c2cc3cnc(Nc4cc(C(=O)N5CCN(C)CC5)n(C)c4)nc3n2C2CCCC2)cnn1C,8.397940009,501.2964567,9,1,3.72502,TRUE
222,CHEMBL2029908,4,nM,CN1CCN(C(=O)c2cc(Nc3ncc4cc(-c5cnco5)n(C5CCCC5)c4n3)cn2C)CC1,8.397940009,474.2491722,9,1,3.6711,TRUE
223,CHEMBL2063462,4,nM,Nc1ncnn2ccc(C(=O)Nc3cccc(CNC(=O)Nc4cccc(F)c4)c3)c12,8.397940009,419.150601,6,4,3.0246,TRUE
224,CHEMBL191003,4,nM,Nc1nc(Nc2ccc(S(N)(=O)=O)cc2)nn1C(=O)c1c(F)cccc1F,8.397940009,394.0659657,8,3,1.218,TRUE
225,CHEMBL2012415,4,nM,Cn1cc(Nc2ncc3cnn([C@@H]4C[C@H]5C[C@H]5C4)c3n2)cc1C(=O)N1CCC[C@@H]1CN1CCOCC1,8.397940009,490.2804723,9,1,2.8162,TRUE
226,CHEMBL5169760,4,nM,Cc1nc(-c2ccccc2Nc2nc(Nc3ccc(CN4CCN(C)CC4)cc3)ncc2Cl)n[nH]1,8.397940009,489.2156196,8,3,4.45812,TRUE
227,CHEMBL2063443,4,nM,Cc1ccc(NC(=O)NCc2cccc(NC(=O)c3cccc4onc(N)c34)c2)cc1,8.397940009,415.1644395,5,4,4.29242,TRUE
229,CHEMBL2029909,4,nM,CN1CCN(C(=O)c2cc(Nc3ncc4cc(-c5cnn(C)c5)n(C5CCCC5)c4n3)cn2C)CC1,8.397940009,487.2808067,9,1,3.4166,TRUE
230,CHEMBL2011940,4,nM,Nc1cccc(-c2nc3c(NCCCNC(=O)C4CCC4)c(Br)cnc3[nH]2)c1,8.397940009,442.1116715,5,4,3.6879,TRUE
232,CHEMBL3393485,4,nM,CCOC(=O)c1[nH]cc2c1NC1=C(C(=O)CN(C(=O)CN)C1)[C@H]2c1ccc(Sc2nc3ccccc3[nH]2)o1.Cl,8.397940009,568.1295666,9,4,3.4152,TRUE
233,CHEMBL2012404,4,nM,CN(C)C(=O)[C@@H]1CCCN1C(=O)c1cc(Nc2ncc3cnn([C@@H]4C[C@H]5C[C@H]5C4)c3n2)cn1C,8.397940009,462.2491722,8,1,2.5722,TRUE
234,CHEMBL2012402,4,nM,Cn1cc(Nc2ncc3cnn([C@@H]4C[C@H]5C[C@H]5C4)c3n2)cc1C(N)=O,8.397940009,337.1651082,7,2,1.9783,TRUE
235,CHEMBL2029901,4,nM,CN1CCN(C(=O)c2cc(Nc3ncc4cc(C#N)n(C5CCCC5)c4n3)cn2C)CC1,8.397940009,432.2386075,8,1,2.88778,TRUE
236,CHEMBL2029912,4,nM,CC(C)CCn1cc(-c2cc3cnc(Nc4cc(C(=O)N5CCN(C)CC5)n(C)c4)nc3n2C2CCCC2)cn1,8.397940009,543.3434069,9,1,4.9257,TRUE
237,CHEMBL2029914,4,nM,CN1CCN(C(=O)c2cc(Nc3ncc4cc(-c5cnn(Cc6ccccc6)c5)n(C5CCCC5)c4n3)cn2C)CC1,8.397940009,563.3121068,9,1,4.9279,TRUE
238,CHEMBL2012406,4,nM,C[C@@H]1CCCN1C(=O)c1cc(Nc2ncc3cnn([C@@H]4C[C@H]5C[C@H]5C4)c3n2)cn1C,8.397940009,405.2277085,7,1,3.5039,TRUE
239,CHEMBL2012408,4,nM,Cn1cc(Nc2ncc3cnn([C@@H]4C[C@H]5C[C@H]5C4)c3n2)cc1C(=O)N1CCC[C@H]1C(N)=O,8.397940009,434.2178721,8,2,1.9693,TRUE
240,CHEMBL2012412,4,nM,Cn1cc(Nc2ncc3cnn([C@@H]4C[C@H]5C[C@H]5C4)c3n2)cc1C(=O)N1CCC[C@H]1CN1CCOCC1,8.397940009,490.2804723,9,1,2.8162,TRUE
241,CHEMBL2029913,4,nM,CN1CCN(C(=O)c2cc(Nc3ncc4cc(-c5ccnn5C)n(C5CCCC5)c4n3)cn2C)CC1,8.397940009,487.2808067,9,1,3.4166,TRUE
242,CHEMBL3670505,4,nM,NC(=O)c1cc(OCCCN2CCN(CCO)CC2)cc2c(NCc3ccc(C(F)(F)F)cc3)ncnc12,8.397940009,532.2409735,8,3,2.7384,TRUE
243,CHEMBL3670445,4.1,nM,NC(=O)c1cccc(CNc2ncnc3c(C(N)=O)cccc23)c1,8.387216143,321.1225747,5,3,1.4397,TRUE
244,CHEMBL3950648,4.2,nM,Cc1ccc2c(c1)C(=O)N(C)c1cnc(Nc3ccc(S(N)(=O)=O)cc3)nc1N2C,8.37675071,424.1317595,7,2,2.53392,TRUE
245,CHEMBL3680602,4.2,nM,CC(Nc1ncnc2c(C(N)=O)cccc12)c1cccc(NC(=O)CC(F)(F)F)c1,8.37675071,417.1412595,5,3,3.7927,TRUE
246,CHEMBL3675445,4.3,nM,CN(C)CCC(Nc1ncnc2c(C(N)=O)cccc12)c1cccc(NC(=O)c2ccc(F)cc2F)c1,8.366531544,504.2085305,6,3,4.3641,TRUE
247,CHEMBL3670454,4.3,nM,Cc1cccc(NC(=O)Nc2cccc(CNc3ncnc4c(C(N)=O)cccc34)c2)c1,8.366531544,426.1804239,5,4,4.29322,TRUE
248,CHEMBL3685215,4.4,nM,Cc1cc(C(F)(F)F)nn1CC(=O)Nc1cccc(CNc2ncnc3c(C(N)=O)cccc23)c1,8.356547324,483.1630575,7,3,3.50322,TRUE
249,CHEMBL3675518,4.5,nM,NC(=O)c1cccc2c(NC(CCN3CCC3)c3cccc(NC(=O)c4ccc(Br)cc4)c3)ncnc12,8.346787486,558.1378862,6,3,4.9925,TRUE
250,CHEMBL3322592,4.5,nM,COc1ccc(-c2c[nH]cc(C(=O)Nc3ccc4c(c3)NC(=O)/C4=C\c3[nH]c(C)c(C(=O)O)c3C)c2=O)cc1,8.346787486,524.1695845,5,5,4.43864,TRUE
252,CHEMBL3904942,4.6,nM,CN1C(=O)c2ccccc2N(C)c2nc(Nc3cccc(S(N)(=O)=O)c3)ncc21,8.337242168,410.1161094,7,2,2.2255,TRUE
253,CHEMBL3685259,4.6,nM,COc1ccccc1C(=O)Nc1cccc(CNc2ncnc3c(C(N)=O)cccc23)c1,8.337242168,427.1644395,6,3,3.6017,TRUE
254,CHEMBL3680605,4.7,nM,NC(=O)c1cccc2c(Nc3cccc(CNC(=O)c4ccc(C(F)(F)F)cc4)c3)ncnc12,8.327902142,465.1412595,5,3,4.4211,TRUE
255,CHEMBL3680578,4.7,nM,NC(=O)c1cccc2c(NCc3cccc(NC(=O)c4ccc5nc[nH]c5c4)c3)ncnc12,8.327902142,437.1600228,6,4,3.4694,TRUE
258,CHEMBL3393487,5,nM,CCOC(=O)c1[nH]cc2c1NC1=C(C(=O)CNC1)C2c1ccc(Sc2nc3cccc(Cl)c3[nH]2)o1,8.301029996,509.0924528,8,4,4.4491,TRUE
259,CHEMBL223147,5,nM,CCN1C(=O)C(C)(C)c2cc3[nH]c4c(c3cc21)CCCc1c(C)n[nH]c1-4,8.301029996,348.1950114,2,2,3.99922,TRUE
260,CHEMBL3685275,5,nM,NC(=O)c1cccc2c(NCc3cccc(Nc4nc5ccc(C(F)(F)F)cc5[nH]4)c3)ncnc12,8.301029996,477.1524929,6,4,4.9795,TRUE
261,CHEMBL2012410,5,nM,Cn1cc(Nc2ncc3cnn([C@@H]4C[C@H]5C[C@H]5C4)c3n2)cc1C(=O)N1CCC[C@H]1CN1CCCC1,8.301029996,474.2855577,8,1,3.5798,TRUE
263,CHEMBL2012411,5,nM,COC[C@@H]1CCCN1C(=O)c1cc(Nc2ncc3cnn([C@@H]4C[C@H]5C[C@H]5C4)c3n2)cn1C,8.301029996,435.2382732,8,1,3.1304,TRUE
264,CHEMBL2012401,5,nM,Cn1cc(Nc2ncc3cnn(C4CCC(C)(C)CC4)c3n2)cc1C(N)=O,8.301029996,367.2120584,7,2,3.1486,TRUE
265,CHEMBL2029910,5,nM,CN1CCN(C(=O)c2cc(Nc3ncc4cc(-c5cncn5C)n(C5CCCC5)c4n3)cn2C)CC1,8.301029996,487.2808067,9,1,3.4166,TRUE
266,CHEMBL476451,5,nM,CCCN1CCC=C(c2ccc(Nc3nc(Nc4ccccc4C(N)=O)c4cc[nH]c4n3)cc2)C1,8.301029996,467.2433585,6,4,5.0431,TRUE
267,CHEMBL3393462,5,nM,O=C1CCCC2=C1C(c1ccc(Sc3nc4ccccc4[nH]3)o1)c1cn[nH]c1N2,8.301029996,403.1102958,6,3,4.5947,TRUE
268,CHEMBL3393467,5,nM,COC(=O)c1csc2c1NC1=C(C(=O)CCC1)C2c1ccc(Sc2nc3ccccc3[nH]2)o1,8.301029996,477.0816981,8,2,5.7197,TRUE
269,CHEMBL1094704,5,nM,CCn1cc(-c2ccnc3[nH]c(C(=O)NCCN4CCOCC4)cc23)c(-c2ccc(NC(=O)Nc3ccccc3)cc2)n1,8.301029996,578.2753869,7,4,4.8193,TRUE
270,CHEMBL3685221,5,nM,NC(=O)c1cccc2c(NC(CCN3CCCC3)c3cccc(Nc4ccccn4)c3)ncnc12,8.301029996,467.2433585,7,3,4.5064,TRUE
272,CHEMBL4289017,5,nM,CC(=O)NCC(=O)N1[C@@H]2CC[C@H]1c1ccc(Nc3ncc(C(F)(F)F)c(NC4CCC4)n3)cc12,8.301029996,474.1991087,6,3,4.0577,TRUE
273,CHEMBL1094706,5,nM,CCn1cc(-c2ccnc3[nH]c(C(=O)NCCN4CCN(C)CC4)cc23)c(-c2ccc(NC(=O)Nc3ccccc3)cc2)n1,8.301029996,591.3070214,7,4,4.7345,TRUE
274,CHEMBL3685217,5,nM,NC(=O)c1cccc2c(NCc3cccc(NC(=O)c4n[nH]c5ccc(Cl)cc45)c3)ncnc12,8.301029996,471.1210505,6,4,4.1228,TRUE
275,CHEMBL2012400,5,nM,Cn1cc(Nc2ncc3cnn(C4CCC5(CC4)CC5)c3n2)cc1C(N)=O,8.301029996,365.1964084,7,2,2.9026,TRUE
276,CHEMBL3670417,5,nM,NC(=O)c1cccc2c(NCc3ccco3)ncnc12,8.301029996,268.0960256,5,2,1.9338,TRUE
277,CHEMBL1079538,5,nM,FC(F)(F)c1cnc2[nH]c(Nc3ccc(CCNc4ncnc5ccsc45)cc3)nc2c1,8.301029996,455.1139992,7,3,5.3796,TRUE
278,CHEMBL4114796,5,nM,NC(=O)c1cccc2c(NCC3CC=C/C(=N/C(O)c4ccn[nH]4)C3)ncnc12,8.301029996,391.1756729,7,4,1.962,TRUE
279,CHEMBL496754,5.2,nM,O=C(Nc1c[nH]nc1-c1nc2cc(CN3CCOCC3)ccc2[nH]1)NC1CCCCC1,8.283996656,423.2382732,5,4,3.2394,TRUE
280,CHEMBL3685297,5.3,nM,COc1ccc(C(=O)Nc2cccc(CNc3ncnc4c(C(N)=O)cc(OCCCN(C)C)cc34)c2)cc1,8.27572413,528.2485035,8,3,3.9322,TRUE
281,CHEMBL3329655,5.3,nM,O=C(NC(=O)c1ccccc1)Nc1ccc2c(c1)NC(=O)/C2=C\c1ccc[nH]1,8.27572413,372.1222404,3,4,3.4693,TRUE
283,CHEMBL3680590,5.5,nM,NC(=O)c1cccc2c(NCc3cccc(NC(=O)c4cccc(N5CCOCC5)c4)c3)ncnc12,8.259637311,482.2066387,7,3,3.4297,TRUE
284,CHEMBL3670425,5.6,nM,NC(=O)c1cccc2c(NCc3cccc(NC(=O)Nc4cccc(F)c4)c3)ncnc12,8.251811973,430.1553521,5,4,4.1239,TRUE
285,CHEMBL3680492,5.8,nM,CN1CCN(c2ccc(C(=O)Nc3cccc(CNc4nncc5c(C(N)=O)cccc45)c3)cc2C(F)(F)F)CC1,8.236572006,563.2256578,7,3,4.3637,TRUE
286,CHEMBL3322565,5.9,nM,COc1ccc(NC(=O)CC(=O)Nc2ccc3c(c2)NC(=O)/C3=C\c2[nH]c(C)c(C(=O)O)c2C)cc1,8.229147988,488.1695845,5,5,3.79834,TRUE
287,CHEMBL3970921,5.9,nM,Cc1ccc2[nH]ccc2c1-c1nc(C(N)=O)c(-c2ccc(N3CCNC(C)(C)C3)cc2)o1,8.229147988,429.2164751,5,3,4.08542,TRUE
288,CHEMBL3680418,5.9,nM,CN(C)CCC(Nc1ncnc2c(C(N)=O)cccc12)C1=CCCC(NC(=O)c2c(F)cccc2F)=C1,8.229147988,506.2241806,6,3,3.7732,TRUE
289,CHEMBL3917983,5.93,nM,Cc1cc(F)c2[nH]ccc2c1-c1nc(C(N)=O)c(-c2ccc(N3CCNC(C)(C)C3)cc2)o1,8.226945307,447.2070533,5,3,4.22452,TRUE
290,CHEMBL2023226,6,nM,Cn1cc(-c2cnc(N)c3c(-c4ccc(NC(=O)Nc5ccccc5)cc4)csc23)cn1,8.22184875,440.1419303,6,3,5.59,TRUE
291,CHEMBL2380828,6,nM,O=C(Nc1ccc(Nc2ccnc3[nH]c(=O)c4ccccc4c23)cc1)c1ccc(C(F)(F)F)cc1,8.22184875,474.1303604,4,3,6.091,TRUE
292,CHEMBL2012414,6,nM,COC[C@H]1CCCN1C(=O)c1cc(Nc2ncc3cnn([C@@H]4C[C@H]5C[C@H]5C4)c3n2)cn1C,8.22184875,435.2382732,8,1,3.1304,TRUE
293,CHEMBL3685289,6,nM,COc1ccc(C(=O)Nc2cccc(C(CCN3CCC3)Nc3ncnc4c(C(N)=O)cccc34)c2)cc1,8.22184875,510.2379388,7,3,4.2386,TRUE
295,CHEMBL3393474,6,nM,CCOC(=O)c1[nH]cc2c1NC1=C(C(=O)CCC1)C2c1ccc(Sc2nc3cccc(F)c3[nH]2)o1,8.22184875,492.1267544,7,3,5.5155,TRUE
296,CHEMBL1077729,6,nM,FC(F)(F)c1ccc2[nH]c(Nc3ccc(CCNc4ncnc5ccsc45)cc3)nc2c1,8.22184875,454.1187502,6,3,5.9846,TRUE
297,CHEMBL3393484,6,nM,CCOC(=O)c1[nH]cc2c1NC1=C(C(=O)CN(CC)C1)C2c1ccc(Sc2nc3ccccc3[nH]2)o1,8.22184875,503.1627253,8,3,4.528,TRUE
298,CHEMBL2163404,6.1,nM,Cc1cc(Nc2nc(Sc3ccc(NC(=O)CN4CC[C@@H](C(=O)N5CCC(F)(F)C5)C4)cc3)nn3cccc23)n[nH]1,8.214670165,581.2132986,9,3,3.78362,TRUE
299,CHEMBL3675323,6.2,nM,CN1CCN(CCCOc2cc(C(N)=O)c3ncnc(NCc4ccc(C(F)(F)F)cc4)c3c2)CC1,8.207608311,502.2304088,7,2,3.3759,TRUE
300,CHEMBL2163387,6.2,nM,Cc1cc(Nc2nc(Sc3ccc(NC(=O)CN4CC[C@@H](C(=O)NC(C)(C)C)C4)cc3)nn3cccc23)n[nH]1,8.207608311,547.2477923,9,4,3.83072,TRUE
301,CHEMBL2163408,6.2,nM,COCCO[C@@H]1CCN(CC(=O)Nc2ccc(Sc3nc(Nc4cc(C)[nH]n4)c4cccn4n3)cc2)C1,8.207608311,522.2161578,10,3,3.33142,TRUE
302,CHEMBL2163403,6.3,nM,Cc1cc(Nc2nc(Sc3ccc(NC(=O)CN4CC[C@@H](C(=O)N5CCCC5)C4)cc3)nn3cccc23)n[nH]1,8.200659451,545.2321422,9,3,3.53842,TRUE
303,CHEMBL3353347,6.4,nM,CN(C)Cc1ccc(/C=C/c2n[nH]c3cc([C@@H]4C[C@@]45C(=O)Nc4ccccc45)ccc23)cc1,8.193820026,434.2106615,3,2,5.1723,TRUE
304,CHEMBL3685230,6.4,nM,NC(=O)c1cccc2c(NCc3cccc(NC(=O)c4n[nH]c5ccc(Br)cc45)c3)ncnc12,8.193820026,515.0705349,6,4,4.2319,TRUE
305,CHEMBL3680574,6.5,nM,CC(Nc1ncnc2c(C(N)=O)cccc12)c1cccc(NC(=O)C2CC(F)(F)C2)c1,8.187086643,425.1663314,5,3,3.8856,TRUE
306,CHEMBL3685239,6.5,nM,CCN(CC)CCOc1cc(C(N)=O)c2ncnc(NCc3cccc(NC(=O)c4ccc(OC)cc4)c3)c2c1,8.187086643,542.2641536,8,3,4.3223,TRUE
307,CHEMBL3329658,6.5,nM,O=C(NC(=O)c1ccccc1F)Nc1ccc2c(c1)NC(=O)/C2=C\c1ccc[nH]1,8.187086643,390.1128186,3,4,3.6084,TRUE
308,CHEMBL3329656,6.5,nM,O=C(NC(=O)c1ccc(Cl)cc1)Nc1ccc2c(c1)NC(=O)/C2=C\c1ccc[nH]1,8.187086643,406.083268,3,4,4.1227,TRUE
309,CHEMBL3680601,6.8,nM,CC(Nc1ncnc2c(C(N)=O)cccc12)c1cccc(NC(=O)c2ccc(=O)[nH]c2)c1,8.167491087,428.1596885,6,4,2.8424,TRUE
310,CHEMBL4553351,6.9,nM,COc1ccc2c(c1)[C@]1(C[C@H]1c1ccc3c(-c4ccc(N5CCNCC5)cc4)n[nH]c3c1)C(=O)N2,8.161150909,465.2164751,5,3,4.0255,TRUE
311,CHEMBL4448596,6.9,nM,COc1ccc2c(c1)[C@]1(C[C@H]1c1ccc3c(-c4ccc(N5CCN(C)CC5)cc4)n[nH]c3c1)C(=O)N2,8.161150909,479.2321252,5,2,4.3677,TRUE
312,CHEMBL3685256,6.9,nM,NC(=O)c1cccc2c(NCc3cccc(NC(=O)C4=CCC(N5CCOCC5)C=C4)c3)ncnc12,8.161150909,484.2222888,7,3,2.8664,TRUE
313,CHEMBL2163388,7,nM,Cc1cc(Nc2nc(Sc3ccc(NC(=O)CN4CC[C@@H](C(=O)NCC(F)(F)F)C4)cc3)nn3cccc23)n[nH]1,8.15490196,573.1882267,9,4,3.59452,TRUE
314,CHEMBL201307,7,nM,COc1cc2c(Nc3ncc(CC(=O)Nc4cccc(F)c4)s3)ncnc2cc1OCCCN1CCC(CO)CC1,8.15490196,580.2268028,10,3,4.632,TRUE
315,CHEMBL3393494,7,nM,CCOC(=O)c1[nH]cc2c1NC1=C(C(=O)CCC1)C2c1cccc(Sc2nc3ccccc3[nH]2)c1,8.15490196,484.1569116,6,3,5.7834,TRUE
316,CHEMBL1980297,7,nM,Nc1ncc(-c2cnn(CCO)c2)c2scc(-c3ccc(NC(=O)Nc4cccc(F)c4)cc3)c12,8.15490196,488.1430731,7,4,5.1844,TRUE
320,CHEMBL2011934,7,nM,COc1ccc(-c2nc3c(NCCCN(C)C(=O)C4CCC4)c(Br)cnc3[nH]2)cc1,8.15490196,471.1269872,5,2,4.4565,TRUE
321,CHEMBL3087778,7,nM,CC(=O)NC[C@@H]1CCN(c2c(Cl)cnc3[nH]c(-c4cn(C)nc4C)nc23)C1,8.15490196,387.157436,6,2,2.28262,TRUE
322,CHEMBL4470693,7,nM,COc1ccc2c(c1)[C@]1(C[C@H]1c1ccc3c(-c4ccc(N5CCN(CCO)CC5)cc4)n[nH]c3c1)C(=O)N2,8.15490196,509.2426899,6,3,3.7302,TRUE
323,CHEMBL2063448,7,nM,Nc1noc2cccc(C(=O)Nc3cccc(CNC(=O)Nc4ccc(F)c(F)c4)c3)c12,8.15490196,437.1299458,5,4,4.2622,TRUE
324,CHEMBL3393495,7,nM,CCOC(=O)c1[nH]cc2c1NC1=C(C(=O)CCC1)C2c1cccc(Sc2nc3ccccc3[nH]2)n1,8.15490196,485.1521606,7,3,5.1784,TRUE
325,CHEMBL3675330,7.1,nM,COc1ccccc1C(CNC(C)=O)Nc1ncnc2c(C(N)=O)cccc12,8.148741651,379.1644395,6,3,2.0266,TRUE
326,CHEMBL3353340,7.4,nM,O=C1Nc2ccccc2[C@]12C[C@H]2c1ccc2c(/C=C/c3ccncc3)n[nH]c2c1,8.13076828,378.1480612,3,2,4.5057,TRUE
327,CHEMBL215322,7.5,nM,CCN(CCO)CCCOc1ccc2c(Nc3cc(CC(=O)Nc4cccc(F)c4F)[nH]n3)ncnc2c1,8.124938737,525.2299942,8,4,3.639,TRUE
328,CHEMBL3675352,7.6,nM,NC(=O)c1cccc2c(NCc3ccccc3C(F)(F)F)ncnc12,8.119186408,346.1041457,4,2,3.3596,TRUE
329,CHEMBL3329683,7.6,nM,CCN(CC)CCNC(=O)c1c(C)[nH]c(/C=C2\C(=O)Nc3cc(NC(=O)NC(=O)c4ccc(OC)cc4F)ccc32)c1C,8.119186408,590.2652964,6,5,4.30544,TRUE
330,CHEMBL3685274,7.6,nM,COCC[C@H](Nc1ncnc2c(C(N)=O)cccc12)c1cccc(NC(=O)c2ccc(OC)cc2)c1,8.119186408,485.2063043,7,3,4.1793,TRUE
331,CHEMBL1483261,7.665,nM,c1ccc(-c2csc3ncnc(N4CCc5ccccc5C4)c23)cc1,8.115487841,343.1143185,4,0,4.921,TRUE
332,CHEMBL3329657,7.7,nM,O=C(NC(=O)c1ccc(Cl)c(Cl)c1)Nc1ccc2c(c1)NC(=O)/C2=C\c1ccc[nH]1,8.113509275,440.0442957,3,4,4.7761,TRUE
333,CHEMBL3670479,7.8,nM,CCOc1cc(C(N)=O)c2ncnc(NCc3cccc(NC(=O)c4ccc(F)cc4)c3)c2c1,8.107905397,459.1706678,6,3,4.1309,TRUE
334,CHEMBL3680393,7.8,nM,CN(C)CCC(Nc1ncnc2c(C(N)=O)cccc12)C1=CCCC(NC(=O)c2ccccc2F)=C1,8.107905397,488.2336024,6,3,3.6341,TRUE
336,CHEMBL2023225,8,nM,Cc1ccccc1NC(=O)Nc1ccc(-c2csc3c(-c4cnn(C)c4)cnc(N)c23)cc1,8.096910013,454.1575803,6,3,5.89842,TRUE
339,CHEMBL3393482,8,nM,CCOC(=O)c1[nH]cc2c1NC1=C(C(=O)CCC1)C2c1ccc(Sc2nc3c(O)cccc3[nH]2)o1,8.096910013,490.1310908,8,4,5.082,TRUE
340,CHEMBL3087779,8,nM,Cc1nn(C)cc1-c1nc2c(N3CCC[C@H](CNS(C)(=O)=O)C3)c(Cl)cnc2[nH]1,8.096910013,437.1400717,7,2,2.08582,TRUE
341,CHEMBL1969102,8,nM,Cc1cccc(NC(=O)Nc2ccc(-c3csc4c(-c5cn[nH]c5)cnc(N)c34)cc2)c1,8.096910013,440.1419303,5,4,5.88802,TRUE
342,CHEMBL2071210,8,nM,Cn1cc(Nc2ncc(Cl)c(N[C@@H]3[C@H]4CC[C@H](C4)[C@@H]3C(N)=O)n2)cn1,8.096910013,361.1417859,7,3,1.919,TRUE
343,CHEMBL2071216,8,nM,CCn1cc(Nc2ncc(Cl)c(N[C@H]3[C@@H](C(N)=O)[C@@H]4C=C[C@H]3C4)n2)cn1,8.096910013,373.1417859,7,3,2.1779,TRUE
344,CHEMBL1078060,8,nM,Clc1ccc2[nH]c(Nc3ccc(CCNc4ncnc5ccsc45)cc3)nc2c1,8.096910013,420.0923932,6,3,5.6192,TRUE
345,CHEMBL388978,8,nM,CN[C@@H]1C[C@H]2O[C@@](C)([C@@H]1OC)n1c3ccccc3c3c4c(c5c6ccccc6n2c5c31)C(=O)NC4,8.096910013,466.2004907,6,2,4.354,TRUE
346,CHEMBL484951,8,nM,CCC(=O)Nc1ccc(Sc2nc(Nc3cc(C)[nH]n3)cc(N3CCCCC3)n2)cc1,8.096910013,437.1997795,7,3,4.74172,TRUE
348,CHEMBL3670416,8.2,nM,COc1cc(CNc2cncc3c(C(N)=O)cccc23)cc(OC)c1,8.086186148,337.1426415,5,2,2.963,TRUE
349,CHEMBL4440812,8.5,nM,CCN1CCN(c2ccc(-c3n[nH]c4cc([C@@H]5C[C@@]56C(=O)Nc5ccc(OC)cc56)ccc34)cc2)CC1,8.070581074,493.2477752,5,2,4.7578,TRUE
350,CHEMBL3685232,8.7,nM,COc1ccc(C(=O)NCc2cccc(Nc3ncnc4c(C(N)=O)cc(O)cc34)c2)cc1,8.060480747,443.1593542,7,4,3.1165,TRUE
351,CHEMBL3923418,8.78,nM,COc1ccc(-c2nc(C(N)=O)c(-c3ccc(N4CCNC(C)(C)C4)cc3)o2)c2cc[nH]c12,8.056505484,445.2113897,6,3,3.7856,TRUE
352,CHEMBL2163412,8.9,nM,Cc1cc(Nc2nc(Sc3ccc(NC(=O)CN4CC[C@@H](OC(C)(C)C)C4)cc3)nn3cccc23)n[nH]1,8.050609993,520.2368933,9,3,4.48352,TRUE
353,CHEMBL3685200,8.9,nM,NC(=O)c1cccc2c(NCC3C=C(NC(=O)c4ccncc4)C=CC3)ncnc12,8.050609993,400.1647739,6,3,2.4256,TRUE
354,CHEMBL3087781,9,nM,Cc1nn(C)cc1-c1nc2c(N3CCC[C@H](CN(C)S(C)(=O)=O)C3)c(Cl)cnc2[nH]1,8.045757491,451.1557218,7,1,2.42802,TRUE
355,CHEMBL1243200,9,nM,CNc1nccc(-c2cccnc2Oc2ccc(NC(=O)c3ccccc3Nc3ccccc3)cc2)n1,8.045757491,488.196074,7,3,6.3685,TRUE
356,CHEMBL2163398,9,nM,Cc1cc(Nc2nc(Sc3ccc(NC(=O)CN4CCC(C(=O)N5CCCC5)C4)cc3)nn3cccc23)n[nH]1,8.045757491,545.2321422,9,3,3.53842,TRUE
357,CHEMBL1970317,9,nM,Cn1cc(-c2cnc(N)c3c(-c4ccc(NC(=O)Nc5cccc(F)c5)cc4)csc23)cn1,8.045757491,458.1325084,6,3,5.7291,TRUE
358,CHEMBL1990583,9,nM,Nc1ncnn2ccc(C(=O)Nc3ccc(NC(=O)Nc4cccc(F)c4)cc3)c12,8.045757491,405.134951,6,4,3.3469,TRUE
359,CHEMBL1090832,9,nM,CN(C)Cc1ccc(-c2cc3c(-c4cnn(C)c4)c(Cl)cnc3[nH]2)cc1,8.045757491,365.1407233,4,1,4.3454,TRUE
360,CHEMBL3680458,9.2,nM,CN(C)CCC(Nc1ncnc2c(C(N)=O)cccc12)c1cccc(NC(=O)c2cc(F)ccc2F)c1,8.036212173,504.2085305,6,3,4.3641,TRUE
361,CHEMBL2163395,9.3,nM,Cc1cc(Nc2nc(Sc3ccc(NC(=O)CN4CC[C@@H](C(=O)NC5CCC5)C4)cc3)nn3cccc23)n[nH]1,8.031517051,545.2321422,9,4,3.58472,TRUE
362,CHEMBL3932362,9.36,nM,CC1(C)CN(c2ccc(-c3oc(-c4ccc(F)c5[nH]ccc45)nc3C(N)=O)cc2)CCN1,8.028724151,433.1914032,5,3,3.9161,TRUE
363,CHEMBL3962025,9.4,nM,COc1ccc(C(=O)Nc2cccc(CNc3ncnc4c(C(N)=O)cc(C(O)CO)cc34)c2)cc1,8.026872146,487.1855689,8,5,2.6274,TRUE
364,CHEMBL3680586,9.4,nM,CC(Nc1ncnc2c(C(N)=O)cccc12)C1=CC(NC(=O)C2(C(F)(F)F)CCC2)=CCC1,8.026872146,459.1882097,5,3,3.982,TRUE
365,CHEMBL485186,9.5,nM,CCC(=O)Nc1ccc(Sc2nc(Nc3cc(C)[nH]n3)cc(N3CCN(C4CC4)CC3)n2)cc1,8.022276395,478.2263286,8,3,4.03582,TRUE
366,CHEMBL3675478,9.6,nM,NCC[C@@H](Nc1ncnc2c(C(N)=O)cccc12)c1ccccc1,8.017728767,321.1589602,5,3,2.2307,TRUE
367,CHEMBL3685279,9.8,nM,COc1cccc(OC)c1C(=O)Nc1cccc(CNc2ncnc3c(C(N)=O)cccc23)c1,8.008773924,457.1750042,7,3,3.6103,TRUE
370,CHEMBL516003,10,nM,O=C(Nc1ccccc1F)Nc1c[nH]nc1-c1nc2cc(CN3CCOCC3)ccc2[nH]1,8,435.1819012,5,4,3.5683,TRUE
371,CHEMBL1078906,10,nM,c1ccc2[nH]c(Nc3ccc(CCNc4ncnc5ccsc45)cc3)nc2c1,8,386.1313656,6,3,4.9658,TRUE
372,CHEMBL270755,10,nM,COc1cc2nccc(Oc3ccc4c(C(=O)NCC5CC5)cccc4c3)c2cc1OC,8,428.1736072,5,1,5.3373,TRUE
373,CHEMBL2163389,10,nM,Cc1cc(Nc2nc(Sc3ccc(NC(=O)CN4CC[C@@H](C(=O)N5CCCCC5)C4)cc3)nn3cccc23)n[nH]1,8,559.2477923,9,3,3.92852,TRUE
374,CHEMBL2063463,10,nM,Nc1ncnn2ccc(C(=O)Nc3cccc(CNC(=O)Nc4cccc(Cl)c4)c3)c12,8,435.1210505,6,4,3.5389,TRUE
375,CHEMBL1079713,10,nM,Clc1cnc2[nH]c(Nc3ccc(CCNc4ncnc5ccsc45)cc3)nc2c1,8,421.0876422,7,3,5.0142,TRUE
376,CHEMBL3353344,10,nM,Cc1ccc(/C=C/c2n[nH]c3cc([C@@H]4C[C@@]45C(=O)Nc4ccccc45)ccc23)c(C)n1,8,406.1793613,3,2,5.12254,TRUE
377,CHEMBL465793,10,nM,CNc1nccc(-c2cccnc2Oc2ccc(Nc3nc4ccccc4[nH]3)c3ccccc23)n1,8,459.1807583,7,3,6.1457,TRUE
378,CHEMBL4516793,10,nM,COc1ccc2c(c1)[C@]1(C[C@H]1c1ccc3c(-c4ccc(N5CCN(C)CC5)nc4)n[nH]c3c1)C(=O)N2,8,480.2273741,6,2,3.7627,TRUE
379,CHEMBL522214,10,nM,O=C(Nc1c[nH]nc1-c1nc2cc(CN3CCOCC3)ccc2[nH]1)NC1CCOCC1,8,425.2175377,6,4,2.0857,TRUE
380,CHEMBL3322584,10.2,nM,COc1ccc(-c2c[nH]cc(C(=O)Nc3ccc4c(c3)NC(=O)/C4=C\c3ccc[nH]3)c2=O)cc1,7.991399828,452.1484551,4,4,4.1236,TRUE
381,CHEMBL3329682,10.5,nM,COc1ccc(C(=O)NC(=O)Nc2ccc3c(c2)NC(=O)/C3=C\c2[nH]c(C)c(C(=O)NCCN(C)C)c2C)c(F)c1,7.978810701,562.2339963,6,5,3.52524,TRUE
382,CHEMBL3322581,10.7,nM,Cc1[nH]c(/C=C2\C(=O)Nc3cc(NC(=O)c4cccn(-c5ccc(F)cc5)c4=O)ccc32)c(C)c1C(=O)O,7.970616222,512.149598,5,4,4.36474,TRUE
383,CHEMBL2170414,10.7,nM,NC(=O)c1ccc(Nc2ncc(F)c(Nc3ccccc3Cl)n2)cc1,7.970616222,357.0792659,5,3,3.8552,TRUE
385,CHEMBL2029903,11,nM,CN1CCN(C(=O)c2cc(Nc3ncc4cc(C(N)=O)n(C5CCCC5)c4n3)cn2C)CC1,7.958607315,450.2491722,8,2,2.115,TRUE
386,CHEMBL4277642,11,nM,CCCNS(=O)(=O)Nc1cc(C(C)C)c2sc(NC(=O)NC)c(C(N)=O)c2c1,7.958607315,427.1347963,5,5,2.5312,TRUE
387,CHEMBL1979883,11,nM,Cc1cccc(NC(=O)Nc2ccc(-c3csc4c(C#CCN(C)C)cnc(N)c34)cc2)c1,7.958607315,455.1779814,5,3,5.41102,TRUE
388,CHEMBL3670439,11,nM,C[C@@H](Nc1ncnc2c(C(N)=O)cccc12)c1cccc2ccccc12,7.958607315,342.1480612,4,2,4.055,TRUE
390,CHEMBL3680387,11,nM,CN(CCO)c1ccc(C(=O)Nc2cccc(CNc3ncnc4c(C(N)=O)cccc34)c2)cn1,7.958607315,471.2018877,8,4,2.4166,TRUE
391,CHEMBL3393473,11,nM,CCOC(=O)c1[nH]cc2c1NC1=C(C(=O)CCC1)C2c1ccc(Sc2nc3cc(F)ccc3[nH]2)o1,7.958607315,492.1267544,7,3,5.5155,TRUE
392,CHEMBL3680518,11,nM,NC(=O)c1cccc2c(NCc3cccc(NC(=O)c4ccc(CN5CCCC5)cc4)c3)ncnc12,7.958607315,480.2273741,6,3,4.1889,TRUE
393,CHEMBL484006,11,nM,CCC(=O)Nc1ccc(Sc2nc(Nc3cc(C)[nH]n3)cc(N3CCN(C(C)(C)C)CC3)n2)cc1,7.958607315,494.2576287,8,3,4.67192,TRUE
394,CHEMBL3646210,11.21,nM,Cc1cccc(NC(=O)Nc2ccc(-c3csc4c(-c5cnn(C[C@H](C)O)c5)cnc(N)c34)cc2)c1,7.950394387,498.1837951,7,4,5.74222,TRUE
395,CHEMBL4525614,11.3,nM,CC1(C)CC(NC(=O)c2ccc(Nc3ncc([N+](=O)[O-])c(Nc4ccccc4O)n3)cc2)CC(C)(C)N1[O],7.946921557,520.2308421,9,4,4.6745,TRUE
396,CHEMBL2163400,11.9,nM,Cc1cc(Nc2nc(Sc3ccc(NC(=O)CN4CC[C@@H]([S+]([O-])C(C)(C)C)C4)cc3)nn3cccc23)n[nH]1,7.924453039,552.2089643,9,3,4.21562,TRUE
397,CHEMBL2063453,12,nM,Nc1nsc2cccc(C(=O)Nc3cccc(CNC(=O)Nc4ccc(C(F)(F)F)cc4)c3)c12,7.920818754,485.1133305,5,4,5.4713,TRUE
398,CHEMBL2071275,12,nM,NC(=O)[C@@H]1[C@H](Nc2nc(Nc3cnn(C4CCNCC4)c3)ncc2Cl)[C@H]2C=C[C@@H]1C2,7.920818754,428.1839851,8,4,2.0825,TRUE
399,CHEMBL2071276,12,nM,NC(=O)[C@@H]1[C@H](Nc2nc(Nc3cnn([C@@H]4CCCNC4)c3)ncc2Cl)[C@H]2C=C[C@@H]1C2,7.920818754,428.1839851,8,4,2.0825,TRUE
400,CHEMBL2063447,12,nM,Nc1noc2cccc(C(=O)Nc3cccc(CNC(=O)Nc4ccc(C(F)(F)F)cc4)c3)c12,7.920818754,469.1361741,5,4,5.0028,TRUE
401,CHEMBL2012398,12,nM,Cn1cc(Nc2ncc3cnn([C@H]4CC[C@H]5CCC[C@H]54)c3n2)cc1C(N)=O,7.920818754,365.1964084,7,2,2.7585,TRUE
402,CHEMBL5200042,12,nM,CCOP(=O)(OCC)C(Nc1ccc(C)c(Nc2nccc(-c3cccnc3)n2)c1)c1ccn[nH]1,7.920818754,493.1991244,9,3,5.69052,TRUE
403,CHEMBL2071217,12,nM,NC(=O)[C@@H]1[C@H](Nc2nc(Nc3cnn(Cc4ccccc4)c3)ncc2Cl)[C@H]2C=C[C@@H]1C2,7.920818754,435.157436,7,3,3.2063,TRUE
404,CHEMBL3675379,12,nM,NC(=O)c1cccc2c(NCc3cccc(C(F)(F)F)c3)ccnc12,7.920818754,345.1088967,3,2,3.9646,TRUE
405,CHEMBL3957869,12,nM,CCc1ccc(-c2nc(C(N)=O)c(-c3ccc(N4CCNC(C)(C)C4)cc3)o2)c2cc[nH]c12,7.920818754,443.2321252,5,3,4.3394,TRUE
406,CHEMBL3393497,12,nM,CCOC(=O)c1[nH]cc2c1NC1=C(C(=O)CCC1)C2c1cccc(Oc2nc3ccccc3[nH]2)c1,7.920818754,468.1797552,6,3,5.4245,TRUE
407,CHEMBL3393481,12,nM,CCOC(=O)c1[nH]cc2c1NC1=C(C(=O)CCC1)C2c1ccc(Sc2nc3cccnc3[nH]2)o1,7.920818754,475.1314252,8,3,4.7714,TRUE
408,CHEMBL3685246,12,nM,COc1ccc(C(=O)Nc2cccc(CNc3ncnc4c(C(N)=O)cc(CCCCO)cc34)c2)cc1,7.920818754,499.2219544,7,4,3.9167,TRUE
409,CHEMBL2022968,12.4,nM,CN1CCN(Cc2ccc(Nc3ncc(Cl)c(Nc4ccccc4S(=O)(=O)N(C)C)n3)cc2)CC1,7.906578315,515.1870219,8,2,3.6149,TRUE
410,CHEMBL2023221,13,nM,CNC(=O)c1cnc(N)c2c(-c3ccc(NC(=O)Nc4cccc(C)c4)cc3)csc12,7.886056648,431.1415959,5,4,4.85752,TRUE
411,CHEMBL3675381,13,nM,NC(=O)c1cc(N)cc2c(NCc3ccc(Cl)c(C(F)(F)F)c3)ncnc12,7.886056648,395.0760724,5,3,3.5952,TRUE
412,CHEMBL2011941,13,nM,O=C(NCCCNc1c(Br)cnc2[nH]c(-c3ccc(OCCN4CCCCC4)cc3)nc12)C1CCC1,7.886056648,554.2004865,6,3,4.9704,TRUE
413,CHEMBL4114812,13,nM,NC(=O)c1cccc2c(NCC3CC=C/C(=N/C(O)c4c[nH]c5ncccc45)C3)ncnc12,7.886056648,441.191323,7,4,3.1152,TRUE
414,CHEMBL3680451,13,nM,CNCCOc1cccc(C(=O)Nc2cccc(CNc3ncnc4c(C(N)=O)cccc34)c2)c1,7.886056648,470.2066387,7,4,3.1913,TRUE
415,CHEMBL1673047,13,nM,CN1C(=O)c2ccccc2N(C)c2nc(Nc3ccc(S(N)(=O)=O)cc3)ncc21,7.886056648,410.1161094,7,2,2.2255,TRUE
416,CHEMBL3685225,13,nM,COc1ccc(C(=O)Nc2cccc(CNc3c(C(N)=O)cnc4c(C(N)=O)cccc34)c2)cc1,7.886056648,469.1750042,6,4,3.3056,TRUE
417,CHEMBL3685253,13,nM,COc1ccc(C(=O)Nc2cccc(CN(C)c3ncnc4c(C(N)=O)cccc34)c2)cc1,7.886056648,441.1800896,6,2,3.626,TRUE
418,CHEMBL2163407,13,nM,Cc1cc(Nc2nc(Sc3ccc(NC(=O)CN4CC[C@@H](OCCO)C4)cc3)nn3cccc23)n[nH]1,7.886056648,508.2005078,10,4,2.67732,TRUE
419,CHEMBL2380846,13,nM,O=C(Nc1ccc(Nc2ccnc3[nH]c(=O)c4ccccc4c23)cn1)c1ccccc1,7.886056648,407.1382248,5,3,4.4672,TRUE
420,CHEMBL505037,13,nM,O=C(Nc1ccc(Cl)c(Cl)c1)Nc1ncc(CCNc2ncnc3ccsc23)s1,7.886056648,464.0047564,7,3,5.7532,TRUE
421,CHEMBL3680410,13,nM,NC(=O)c1cccc2c(NCc3cccc(NC(=O)c4cccc(OCCCO)c4)c3)ncnc12,7.886056648,471.1906543,7,4,3.3543,TRUE
423,CHEMBL4474459,13,nM,NS(=O)(=O)c1ccc(Nc2ncn(C(=O)c3c(F)cccc3F)n2)cc1,7.886056648,379.0550667,7,2,1.6358,TRUE
424,CHEMBL4440053,13,nM,COc1ccc2c(c1)[C@]1(C[C@H]1c1ccc3c(-c4ccc(N5C[C@@H](C)N[C@@H](C)C5)cc4)n[nH]c3c1)C(=O)N2,7.886056648,493.2477752,5,3,4.8025,TRUE
425,CHEMBL3959866,13.87,nM,CC1(C)CN(c2ccc(-c3oc(-c4ccc(Cl)c5[nH]ccc45)nc3C(N)=O)cc2)CCN1,7.857923539,449.1618527,5,3,4.4304,TRUE
426,CHEMBL3600873,14,nM,O=C(O)[C@]1(Cc2cccc(Nc3nccs3)n2)CC[C@@H](Oc2cccc(Cl)c2F)CC1,7.853871964,461.0976184,6,2,5.7093,TRUE
427,CHEMBL482778,14,nM,CCC(=O)Nc1ccc(Sc2nc(Nc3cc(C)[nH]n3)cc(N3CCOCC3)n2)cc1,7.853871964,439.179044,8,3,3.58802,TRUE
428,CHEMBL3685263,14,nM,CC(Nc1ncnc2c(C(N)=O)cccc12)c1cccc(NC(=O)c2ccc(O)c(F)c2)c1,7.853871964,445.1550177,6,4,3.9988,TRUE
429,CHEMBL5278077,14,nM,NC(=O)c1ccc(Nc2ncc(F)c(Nc3ccccc3)n2)cc1,7.853871964,323.1182383,5,3,3.2018,TRUE
430,CHEMBL3353362,14,nM,O=C1Nc2ccccc2[C@]12C[C@H]2c1ccc2c(/C=C/c3ccc(CN4CCCCC4)cc3)n[nH]c2c1,7.853871964,474.2419616,3,2,6.0966,TRUE
431,CHEMBL3928949,14,nM,CC1(C)CN(c2ccc(-c3oc(-c4ccc(C(F)(F)F)c5[nH]ccc45)nc3C(N)=O)cc2)CCN1,7.853871964,483.1882097,5,3,4.7958,TRUE
432,CHEMBL472193,14,nM,O=C(Nc1cccc(C(F)(F)F)c1)Nc1ncc(CCNc2ncnc3ccsc23)s1,7.853871964,464.0700858,7,3,5.4652,TRUE
433,CHEMBL3945870,14.2,nM,Cc1c[nH]c2cccc(-c3nc(C(N)=O)c(-c4ccc(N5CCNC(C)(C)C5)cc4)o3)c12,7.847711656,429.2164751,5,3,4.08542,TRUE
434,CHEMBL3322582,14.3,nM,Cc1[nH]c(/C=C2\C(=O)Nc3cc(NC(=O)c4cccn(C)c4=O)ccc32)c(C)c1C(=O)O,7.844663963,432.1433697,5,4,2.77344,TRUE
435,CHEMBL2163390,14.6,nM,Cc1cc(Nc2nc(Sc3ccc(NC(=O)CN4CC[C@@H](C(=O)N5CCOCC5)C4)cc3)nn3cccc23)n[nH]1,7.835647144,561.2270569,10,3,2.77482,TRUE
437,CHEMBL3329652,14.9,nM,COc1ccc(C(=O)NC(=O)Nc2ccc3c(c2)NC(=O)/C3=C\c2ccc[nH]2)cc1,7.826813732,402.1328051,4,4,3.4779,TRUE
438,CHEMBL2071199,15,nM,Cn1cc(Nc2ncc([N+](=O)[O-])c(N[C@H]3[C@@H](C(N)=O)[C@@H]4C=C[C@H]3C4)n2)cn1,7.823908741,370.1501864,9,3,0.9498,TRUE
439,CHEMBL3680589,15,nM,CC(Nc1ncnc2c(C(N)=O)cccc12)c1cccc(NC(=O)C(F)(F)C(F)(F)F)c1,7.823908741,453.1224159,5,3,4.0379,TRUE
440,CHEMBL3685238,15,nM,CNc1cccc(C(=O)Nc2cccc(CNc3ncnc4c(C(N)=O)cccc34)c2)c1,7.823908741,426.1804239,6,4,3.6348,TRUE
442,CHEMBL1822637,15,nM,Cc1cc(Nc2nc(Sc3ccc(NC(=O)CN4C[C@H](OC(C)(C)C)C[C@H]4CO)cc3)nn3cccc23)n[nH]1,7.823908741,550.2474579,10,4,3.84442,TRUE
443,CHEMBL3680604,15,nM,NC(=O)c1cccc2c(NCc3cccc(Nc4ccc(C(F)(F)F)cn4)c3)ncnc12,7.823908741,438.1415938,6,3,4.4982,TRUE
445,CHEMBL2071277,15,nM,NC(=O)[C@@H]1[C@H](Nc2nc(Nc3cnn(C[C@H]4CCCN4)c3)ncc2Cl)[C@H]2C=C[C@@H]1C2,7.823908741,428.1839851,8,4,1.91,TRUE
446,CHEMBL4228587,15,nM,CC(=O)Nc1ccc(Sc2nc(Nc3cc(C)[nH]n3)cc(N3CCN(C)CC3)n2)cc1,7.823908741,438.1950285,8,3,3.11312,TRUE
447,CHEMBL3986609,15,nM,O=C(O)/C=C\C(=O)Nc1cccc(-c2n[nH]c3ccc(NS(=O)(=O)c4ccccc4)cc23)c1,7.823908741,462.0997907,5,4,3.61,TRUE
448,CHEMBL3329660,15,nM,O=C(NC(=O)c1ccc(Cl)c(C(F)(F)F)c1)Nc1ccc2c(c1)NC(=O)/C2=C\c1ccc[nH]1,7.823908741,474.0706526,3,4,5.1415,TRUE
449,CHEMBL3353348,15,nM,COc1ccc2c(c1)[C@]1(C[C@H]1c1ccc3c(/C=C/c4ccc(CN(C)C)cc4)n[nH]c3c1)C(=O)N2,7.823908741,464.2212261,4,2,5.1809,TRUE
450,CHEMBL496569,15,nM,O=C(Nc1c[nH]nc1-c1nc2cc(CN3CCOCC3)ccc2[nH]1)c1ccccc1,7.823908741,402.1804239,5,3,3.0375,TRUE
451,CHEMBL4785614,15.08,nM,Cn1cc(-c2ccc3c(Nc4cccc(NC(=O)Nc5ccc(F)cc5)c4)ncnc3c2)cn1,7.821598658,453.1713365,6,3,5.557,TRUE
452,CHEMBL3956504,15.21,nM,CC1(C)CN(c2ccc(-c3oc(-c4cccc5[nH]ccc45)nc3C(N)=O)cc2)CCN1,7.817870786,415.200825,5,3,3.777,TRUE
453,CHEMBL3747305,16,nM,COc1ccc(-c2nc3c(NCC4CCNCC4)c(Cl)cnc3[nH]2)cc1OC,7.795880017,401.1618527,6,3,3.707,TRUE
454,CHEMBL2011935,16,nM,COc1ccc(-c2nc3c(NCCCNC(=O)C4CC(O)C4)c(Br)cnc3[nH]2)cc1,7.795880017,473.1062517,6,4,3.0851,TRUE
455,CHEMBL410840,16,nM,COc1cc2nccc(Oc3ccc4c(C(=O)NCC(F)(F)F)cccc4c3)c2cc1OC,7.795880017,456.1296917,5,1,5.4896,TRUE
456,CHEMBL3909068,16,nM,C=CC(=O)N1CCN(S(=O)(=O)c2ccc(Nc3ncc4c(n3)N(C)c3ccc(C)cc3C(=O)N4C)cc2)CC1,7.795880017,547.2001734,8,1,2.90542,TRUE
457,CHEMBL3680521,16,nM,NC(=O)c1cccc2c(N[C@H](CN3CCCC3)c3ccccc3)ncnc12,7.795880017,361.1902604,5,2,2.9777,TRUE
458,CHEMBL3685264,16,nM,NC(=O)c1cccc2c(NCc3cccc(NC(=O)c4ccccc4OCCO)c3)ncnc12,7.795880017,457.1750042,7,4,2.9642,TRUE
459,CHEMBL3639794,16,nM,COc1ccc2nc(Nc3cccc(CNc4ncnc5c(C(N)=O)cccc45)c3)sc2c1,7.795880017,456.1368449,8,3,4.7027,TRUE
460,CHEMBL1967116,16,nM,Cc1cccc(NC(=O)Nc2ccc(-c3csc4c(-c5cnn(C)c5)cnc(N)c34)cc2)c1,7.795880017,454.1575803,6,3,5.89842,TRUE
461,CHEMBL1095817,16,nM,O=C(Nc1ccccc1)Nc1ccc(-c2nn(CC(F)(F)F)cc2-c2ccnc3[nH]ccc23)cc1,7.795880017,476.1572439,4,3,6.2997,TRUE
462,CHEMBL2071209,16,nM,Cn1cc(Nc2ncc(C(F)(F)F)c(Nc3ccccc3C(N)=O)n2)cn1,7.795880017,377.1211927,7,3,2.815,TRUE
463,CHEMBL3685218,16,nM,CC(N)c1cccc(NC(=O)c2ccoc2CN2CCOCC2)c1,7.795880017,329.1739416,5,2,2.3838,TRUE
464,CHEMBL1822647,16,nM,Cc1cc(Nc2nc(Sc3ccc(NC(=O)CN4C[C@H](OC(C)(C)C)[C@@H](O)C4)cc3)nn3cccc23)n[nH]1,7.795880017,536.2318079,10,4,3.45432,TRUE
465,CHEMBL3393471,16,nM,O=C1CCCC2=C1C(c1ccc(Sc3nc4ccccc4[nH]3)o1)c1c[nH]c(C(=O)O)c1N2,7.795880017,446.1048761,6,4,4.8979,TRUE
466,CHEMBL3329681,16.4,nM,COc1ccc(C(=O)NC(=O)Nc2ccc3c(c2)NC(=O)/C3=C\c2[nH]c(C)c(CCC(=O)N3CCOCC3)c2C)c(F)c1,7.785156152,589.233662,6,4,4.02524,TRUE
467,CHEMBL3329680,16.8,nM,COc1ccc(C(=O)NC(=O)Nc2ccc3c(c2)NC(=O)/C3=C\c2[nH]c(C)c(C(=O)N3CCOCC3)c2C)c(F)c1,7.774690718,561.2023618,6,4,3.70624,TRUE
468,CHEMBL2063467,17,nM,Nc1ncnn2ccc(C(=O)Nc3ccc(NC(=O)Nc4ccsc4)cc3)c12,7.769551079,393.1007937,7,4,3.2693,TRUE
469,CHEMBL4279747,17,nM,CNC(=O)Nc1sc2c(C(C)C)cc(NS(=O)(=O)c3ccn(C)n3)cc2c1C(N)=O,7.769551079,450.1143952,7,4,2.4092,TRUE
470,CHEMBL5177053,17,nM,CC(C)n1cc(Nc2ncc3ccc(=O)n(C(C)C)c3n2)cn1,7.769551079,312.1698593,7,1,2.8934,TRUE
471,CHEMBL3087780,17,nM,Cc1nn(C)cc1-c1nc2c(N3CCC[C@@H](CNS(C)(=O)=O)C3)c(Cl)cnc2[nH]1,7.769551079,437.1400717,7,2,2.08582,TRUE
474,CHEMBL3680584,17,nM,NC(=O)c1cccc2c(NCc3cccc(NC(=O)c4ccc(N5CCCCC5=O)cc4)c3)ncnc12,7.769551079,494.2066387,6,3,4.11,TRUE
476,CHEMBL215152,17,nM,CCN(CCO)CCCOc1ccc2c(Nc3cc(CC(=O)Nc4cccc(F)c4)[nH]n3)ncnc2c1,7.769551079,507.239416,8,4,3.4999,TRUE
477,CHEMBL572878,17,nM,Cc1cc(Nc2cc(N3CCN(C)CC3)nc(Sc3ccc(NC(=O)C4CC4)cc3)n2)n[nH]1,7.769551079,464.2106785,8,3,3.50322,TRUE
478,CHEMBL4522901,17.3,nM,Cc1cc(Nc2nc(Nc3ccc(C(=O)NC4CC(C)(C)N([O])C(C)(C)C4)cc3)ncc2F)no1,7.761953897,482.231591,8,3,4.49622,TRUE
479,CHEMBL482779,18,nM,CCC(=O)Nc1ccc(Sc2nc(Nc3cc(C)[nH]n3)cc(N3CCNCC3)n2)cc1,7.744727495,438.1950285,8,4,3.16102,TRUE
480,CHEMBL429743,18,nM,COc1cc2nccc(Oc3ccc4c(C(=O)Nc5ccc(Cl)cc5)cccc4c3)c2cc1OC,7.744727495,484.1189848,5,1,7.1032,TRUE
481,CHEMBL2063441,18,nM,Nc1noc2cccc(C(=O)Nc3cccc(CNC(=O)Nc4ccccc4)c3)c12,7.744727495,401.1487895,5,4,3.984,TRUE
482,CHEMBL3680497,18,nM,NC(=O)c1cccc2c(NCc3cccc(NC(=O)c4ccnc(NCCO)c4)c3)ncnc12,7.744727495,457.1862376,8,5,2.3923,TRUE
483,CHEMBL2063455,18,nM,Nc1n[nH]c2cccc(C(=O)Nc3cccc(CNC(=O)Nc4cccc(F)c4)c3)c12,7.744727495,418.1553521,4,5,3.8582,TRUE
484,CHEMBL1801109,18,nM,CS(=O)(=O)N1CCC(c2cc(Nc3nccn4c(-c5cn[nH]c5)cnc34)sn2)CC1,7.744727495,444.1150639,9,2,2.4585,TRUE
485,CHEMBL214849,18,nM,CCCN(CCO)CCCOc1cc2ncnc(Nc3cc(CC(=O)Nc4cccc(F)c4F)[nH]n3)c2cc1OC,7.744727495,569.256209,9,4,4.0377,TRUE
486,CHEMBL3685202,18,nM,COCCOc1cccc(C(=O)Nc2cccc(CNc3ncnc4c(C(N)=O)cccc34)c2)c1,7.744727495,471.1906543,7,3,3.6183,TRUE
487,CHEMBL2029902,18,nM,CN1CCN(C(=O)c2cc(Nc3ncc4ccn(C5CCCC5)c4n3)cn2C)CC1,7.744727495,407.2433585,7,1,3.0161,TRUE
488,CHEMBL3685317,18,nM,CC(C)n1cc(-c2cc(C(N)=O)c3ncnc(N[C@H]4CCCNC4)c3c2)cn1,7.744727495,379.2120584,7,3,2.337,TRUE
489,CHEMBL512184,18,nM,O=C(Nc1cccc(F)c1)Nc1ncc(CCNc2ncnc3ccsc23)s1,7.744727495,414.0732793,7,3,4.5855,TRUE
490,CHEMBL2023227,18,nM,Cn1cc(-c2cnc(N)c3c(-c4ccc(NC(=O)Nc5ccccc5F)cc4)csc23)cn1,7.744727495,458.1325084,6,3,5.7291,TRUE
491,CHEMBL2012397,18,nM,Cn1cc(Nc2ncc3cnn(C4C5CC6CC(C5)CC4C6)c3n2)cc1C(N)=O,7.744727495,391.2120584,7,2,3.0045,TRUE
492,CHEMBL3329661,18.4,nM,Cc1ccc(C(=O)NC(=O)Nc2ccc3c(c2)NC(=O)/C3=C\c2ccc[nH]2)cc1,7.735182177,386.1378904,3,4,3.77772,TRUE
493,CHEMBL3329679,18.4,nM,COc1ccc(C(=O)NC(=O)Nc2ccc3c(c2)NC(=O)/C3=C\c2[nH]c(C)c(CCC(=O)N3CCN(C)CC3)c2C)c(F)c1,7.735182177,602.2652964,6,4,3.94044,TRUE
494,CHEMBL605003,19,nM,CN(C)S(=O)(=O)c1ccc2c(c1)/C(=C/c1cc3c([nH]1)CCCC3)C(=O)N2,7.721246399,371.1303625,3,2,2.6365,TRUE
495,CHEMBL486877,19,nM,O=C(Nc1ncc(CCNc2ncnc3ccsc23)s1)Nc1cccc2cc[nH]c12,7.721246399,435.0936002,7,4,4.9277,TRUE
496,CHEMBL2071270,19,nM,NC(=O)[C@@H]1[C@H](Nc2nc(Nc3cnn(CCO)c3)ncc2Cl)[C@H]2C=C[C@@H]1C2,7.721246399,389.1367006,8,4,1.1503,TRUE
497,CHEMBL2012309,19,nM,Cn1cc(Nc2ncc3cnn(C4CCC5(CC5)C4)c3n2)cc1C(N)=O,7.721246399,351.1807583,7,2,2.5125,TRUE
498,CHEMBL3393465,19,nM,NC(=O)c1[nH]nc2c1NC1=C(C(=O)CCC1)C2c1ccc(Sc2nc3ccccc3[nH]2)o1,7.721246399,446.1161094,7,4,3.6936,TRUE
499,CHEMBL482967,19,nM,Cc1nc(N)sc1-c1ccnc(Nc2ccc(N3CCOCC3)cc2)n1,7.721246399,368.1419303,8,2,3.07092,TRUE
500,CHEMBL4554938,19.4,nM,CN1C(=O)c2sccc2N(C)c2nc(Nc3ccc(S(N)(=O)=O)cc3)ncc21,7.71219827,416.0725304,8,2,2.287,TRUE
502,CHEMBL3954570,19.62,nM,Cc1cc(C)c2[nH]ccc2c1-c1nc(C(N)=O)c(-c2ccc(N3CCNC(C)(C)C3)cc2)o1,7.707300997,443.2321252,5,3,4.39384,TRUE
503,CHEMBL3680523,20,nM,COCCNc1cc(C(=O)Nc2cccc(CNc3ncnc4c(C(N)=O)cccc34)c2)ccn1,7.698970004,471.2018877,8,4,3.0464,TRUE
504,CHEMBL484609,20,nM,CCC(=O)Nc1ccc(Sc2nc(Nc3cc(C)[nH]n3)cc(N3CCN(C)CC3)n2)cc1,7.698970004,452.2106785,8,3,3.50322,TRUE
505,CHEMBL3685216,20,nM,COc1ccc(C(=O)Nc2ccc3c(c2)CN(c2ncnc4c(C(N)=O)cccc24)CC3)cc1,7.698970004,453.1800896,6,2,3.5523,TRUE
507,CHEMBL1078061,21,nM,Fc1cc(CCNc2ncnc3ccsc23)ccc1Nc1nc2cc(C(F)(F)F)ccc2[nH]1,7.677780705,472.1093284,6,3,6.1237,TRUE
508,CHEMBL2380848,21,nM,O=C(Nc1ncc(Nc2ccnc3[nH]c(=O)c4ccccc4c23)cn1)c1ccccc1,7.677780705,408.1334738,6,3,3.8622,TRUE
509,CHEMBL3675533,21,nM,NC(=O)c1cccc2c(NCc3cccc(NC(=O)c4cncc(N5CCOCC5)c4)c3)ncnc12,7.677780705,483.2018877,8,3,2.8247,TRUE
510,CHEMBL4763465,21,nM,O=C(Nc1ccc(Cl)cc1)Nc1ccc(CCNc2n[nH]c(=O)c3ccccc23)cc1,7.677780705,433.1305526,4,4,4.8751,TRUE
512,CHEMBL3361346,21.5,nM,COc1ccc(C(=O)NC(=O)Nc2ccc3c(c2)NC(=O)/C3=C/c2cccs2)cc1,7.66756154,419.093977,5,3,4.2113,TRUE
513,CHEMBL1243294,22,nM,CNc1nccc(-c2cccnc2Oc2ccc(Nc3nnc(-c4ccccc4)c4ccccc34)cc2)n1,7.657577319,497.1964084,8,2,6.7264,TRUE
514,CHEMBL3670453,22,nM,NC(=O)c1cccc2c(NCc3cccc(NC(=O)Nc4ccccc4C(F)(F)F)c3)ncnc12,7.657577319,480.1521585,5,4,5.0036,TRUE
515,CHEMBL512833,22,nM,Cc1[nH]nc2c1CCCC1c3ccccc3NC21,7.657577319,239.1422475,2,2,3.30482,TRUE
517,CHEMBL3685231,22,nM,COC1C=CC(C(=O)Nc2cccc(CNc3ncnc4c3=CC(CN3CCN(C)CC3)CC=4C(N)=O)c2)=CC1,7.657577319,543.295788,8,3,0.6123,TRUE
519,CHEMBL5173220,22,nM,CCOP(=O)(OCC)C(Nc1ccc(C)c(Nc2nccc(-c3cccnc3)n2)c1)c1ccc[nH]1,7.657577319,492.2038754,8,3,6.29552,TRUE
520,CHEMBL2012403,22,nM,Cn1cc(Nc2ncc3cnn([C@@H]4CC[C@H]5CCC[C@H]54)c3n2)cc1C(N)=O,7.657577319,365.1964084,7,2,2.7585,TRUE
521,CHEMBL4877440,22.2,nM,COc1ccc(NC(=O)Nc2ccc(Oc3ncnc4cc(N(C)C)ccc34)cc2)cc1,7.653647026,429.1800896,6,2,5.1407,TRUE
522,CHEMBL4784119,22.84,nM,Cn1cc(-c2ccc3c(Nc4cccc(NC(=O)Nc5cccc(Cl)c5)c4)ncnc3c2)cn1,7.6413039,469.1417859,6,3,6.0713,TRUE
523,CHEMBL1822654,23,nM,Cc1cc(Nc2nc(Sc3ccc(NC(=O)CN4C[C@H](OC5CCCC5)[C@@H](O)C4)cc3)nn3cccc23)n[nH]1,7.638272164,548.2318079,10,4,3.59842,TRUE
524,CHEMBL3670466,23,nM,NC(=O)c1cccc2c(NCCNCc3ccccc3)ncnc12,7.638272164,321.1589602,5,3,1.9304,TRUE
525,CHEMBL457099,23,nM,CNc1nccc(-c2cccnc2Oc2ccc(NC(=O)Nc3ccccc3)c3ccccc23)n1,7.638272164,462.1804239,6,3,6.1698,TRUE
527,CHEMBL1822652,23,nM,Cc1cc(Nc2nc(Sc3ccc(NC(=O)CN4C[C@H](OC(C)C)[C@@H](O)C4)cc3)nn3cccc23)n[nH]1,7.638272164,522.2161578,10,4,3.06422,TRUE
528,CHEMBL4290876,23,nM,CNC(=O)Nc1sc2c(C(C)C)cc(NS(=O)(=O)N(C)C)cc2c1C(N)=O,7.638272164,413.1191462,5,4,2.0932,TRUE
529,CHEMBL2012399,23,nM,Cn1cc(Nc2ncc3cnn(C4CCCCCC4)c3n2)cc1C(N)=O,7.638272164,353.1964084,7,2,2.9026,TRUE
530,CHEMBL2022850,23,nM,Cn1cc(-c2cnc(N)c3c(-c4ccc(NC(=O)Nc5cccc(C(N)=O)c5)cc4)csc23)cn1,7.638272164,483.1477439,7,4,4.6889,TRUE
531,CHEMBL1822653,23,nM,Cc1cc(Nc2nc(Sc3ccc(NC(=O)CN4C[C@H](OCC5CC5)[C@@H](O)C4)cc3)nn3cccc23)n[nH]1,7.638272164,534.2161578,10,4,3.06582,TRUE
532,CHEMBL1801131,24,nM,CCSc1cn2c(-c3cn[nH]c3)cnc2c(Nc2cc(C)ns2)n1,7.619788758,357.0830355,8,2,3.73992,TRUE
533,CHEMBL2063460,24,nM,Nc1ncnn2ccc(C(=O)Nc3cccc(CNC(=O)Nc4ccc(C(F)(F)F)cc4)c3)c12,7.619788758,469.1474075,6,4,3.9043,TRUE
534,CHEMBL2407749,24,nM,O=C1Nc2ccccc2/C1=C\c1ccc2c(/C=C/c3ccncc3)n[nH]c2c1,7.619788758,364.1324111,3,2,4.621,TRUE
535,CHEMBL1096492,24,nM,CCn1cc(-c2ccnc3[nH]c(CNCCS(C)(=O)=O)cc23)c(-c2ccc(NC(=O)Nc3ccccc3)cc2)n1,7.619788758,557.2209089,7,4,4.8915,TRUE
536,CHEMBL2011928,24,nM,COc1ccc(-c2nc3c(NCCCNC(C)=O)c(Br)cnc3[nH]2)cc1,7.619788758,417.080037,5,3,3.3341,TRUE
537,CHEMBL523923,24,nM,O=C(Nc1cccnc1)Nc1c[nH]nc1-c1nc2cc(CN3CCOCC3)ccc2[nH]1,7.619788758,418.1865719,6,4,2.8242,TRUE
538,CHEMBL3944825,24.33,nM,CC1(C)CN(c2ccc(-c3oc(-c4c(F)ccc5[nH]ccc45)nc3C(N)=O)cc2)CCN1,7.613857891,433.1914032,5,3,3.9161,TRUE
539,CHEMBL1095828,25,nM,CCn1ncc(-c2ccnc3[nH]ccc23)c1-c1ccc(NC(=O)Nc2ccccc2)cc1,7.602059991,422.1855093,4,3,5.7573,TRUE
540,CHEMBL2071272,25,nM,NC(=O)Cn1cc(Nc2ncc(Cl)c(N[C@H]3[C@@H](C(N)=O)[C@@H]4C=C[C@H]3C4)n2)cn1,7.602059991,402.1319495,8,4,0.6433,TRUE
541,CHEMBL2011931,25,nM,COc1ccc(-c2nc3c(NCCCNC(=O)C4CC4)c(Br)cnc3[nH]2)cc1,7.602059991,443.095687,5,3,3.7242,TRUE
542,CHEMBL485351,25,nM,CCC(=O)Nc1ccc(Sc2nc(Nc3cc(C)[nH]n3)cc(N3CCN(CC)CC3)n2)cc1,7.602059991,466.2263286,8,3,3.89332,TRUE
543,CHEMBL1650533,25,nM,CCN(Cc1cc(Nc2nc(C)cn3c(-c4cn[nH]c4)cnc23)sn1)C(C)(C)CO.Cl,7.602059991,462.1717062,9,3,3.64252,TRUE
544,CHEMBL1086579,25,nM,Cc1cc(CN2CCN(c3c(Br)cnc4[nH]c(N5CCN(C)CC5)nc34)CC2)no1,7.602059991,474.1491196,8,1,2.09082,TRUE
545,CHEMBL3393483,25,nM,CCOC(=O)c1[nH]cc2c1NC1=C(C(=O)CCC1)C2c1ccc(Sc2nc3c(N)cccc3[nH]2)o1,7.602059991,489.1470752,8,4,4.9586,TRUE
546,CHEMBL3322563,25,nM,O=C(CC(=O)Nc1ccc2c(c1)NC(=O)/C2=C\c1ccc[nH]1)Nc1ccc(F)cc1,7.602059991,404.1284686,3,4,3.6138,TRUE
547,CHEMBL3670493,25,nM,NC(=O)c1cccc2c(NCc3cccc(NC(=O)c4ccnc(Cl)c4)c3)ncnc12,7.602059991,432.1101515,6,3,3.6415,TRUE
548,CHEMBL3322590,25.5,nM,O=C1Nc2cc(NC(=O)c3c[nH]cc(-c4ccccc4F)c3=O)ccc2/C1=C/c1ccc[nH]1,7.59345982,440.1284686,3,4,4.2541,TRUE
549,CHEMBL2170411,25.6,nM,Fc1cnc(Nc2ccc(N3CCOCC3)cc2)nc1Nc1ccccc1Cl,7.591760035,399.1262161,6,2,4.5929,TRUE
550,CHEMBL4168177,25.7,nM,Cc1cc(Nc2cc(N3CCN(C)CC3)nc(Nc3ccc(F)c(Cl)c3)n2)n[nH]1,7.590066877,416.1639986,7,3,3.53962,TRUE
551,CHEMBL1090156,26,nM,CCn1cc(-c2ccnc3[nH]ccc23)c(-c2ccc(NC(=O)N(C)C)cc2)n1,7.585026652,374.1855093,4,2,4.2068,TRUE
552,CHEMBL1091232,26,nM,CN1CCN(Cc2cccc(/C=C/c3n[nH]c4ccc(NC(=O)Cc5cccs5)cc34)c2)CC1,7.585026652,471.2092815,5,2,4.7234,TRUE
553,CHEMBL2071273,26,nM,CNC(=O)Cn1cc(Nc2ncc(Cl)c(N[C@H]3[C@@H](C(N)=O)[C@@H]4C=C[C@H]3C4)n2)cn1,7.585026652,416.1475996,8,4,0.904,TRUE
554,CHEMBL3954695,26,nM,O=C(O)/C=C\C(=O)Nc1cccc(-c2n[nH]c3ccc(NS(=O)(=O)c4ccc([N+](=O)[O-])cc4)cc23)c1,7.585026652,507.0848689,7,4,3.5182,TRUE
555,CHEMBL1801135,26,nM,Cc1cc(Nc2nc(C(=O)N3CCCC3)cn3c(-c4cn[nH]c4)cnc23)sn1,7.585026652,394.1324282,8,2,2.86392,TRUE
558,CHEMBL3675321,27,nM,NC(=O)c1cc(OCCCN2CCC[C@H]2CO)cc2c(NCc3ccc(C(F)(F)F)cc3)ncnc12,7.568636236,503.2144244,7,3,3.5852,TRUE
561,CHEMBL2071274,27,nM,NC(=O)[C@@H]1[C@H](Nc2nc(Nc3cnn(CCN4CCOCC4)c3)ncc2Cl)[C@H]2C=C[C@@H]1C2,7.568636236,458.1945498,9,3,1.4902,TRUE
562,CHEMBL3685203,27,nM,CN(C)CCCOC1C=CC(C(=O)Nc2cccc(CNc3ncnc4c(C(N)=O)cccc34)c2)=CC1,7.568636236,500.2535889,7,3,3.5025,TRUE
563,CHEMBL1822649,27,nM,Cc1cc(Nc2nc(Sc3ccc(NC(=O)CN4C[C@H](OC(C)(C)C(F)(F)F)[C@@H](O)C4)cc3)nn3cccc23)n[nH]1,7.568636236,590.2035424,10,4,3.99672,TRUE
565,CHEMBL3343037,27.3,nM,COc1cc2c(Nc3ccc(NC(=O)c4ccccc4)cc3)ncnc2cc1OCCO,7.563837353,430.1641052,7,3,4.0054,TRUE
566,CHEMBL2071200,28,nM,Cn1cc(Nc2ncc(C(F)(F)F)c(N[C@H]3[C@@H](C(N)=O)[C@@H]4C=C[C@H]3C4)n2)cn1,7.552841969,393.1524929,7,3,2.0604,TRUE
567,CHEMBL2063456,28,nM,Nc1n[nH]c2cccc(C(=O)Nc3cccc(CNC(=O)Nc4ccc(F)c(F)c4)c3)c12,7.552841969,436.1459303,4,5,3.9973,TRUE
568,CHEMBL4568087,28,nM,Cn1cc(-c2cnc3c(-c4csc(C(=O)N[C@@H]5CCCC[C@@H]5N)c4)cnn3c2)cn1,7.552841969,421.1684794,8,2,2.858,TRUE
570,CHEMBL1822650,28,nM,CCC(C)(C)O[C@H]1CN(CC(=O)Nc2ccc(Sc3nc(Nc4cc(C)[nH]n4)c4cccn4n3)cc2)C[C@@H]1O,7.552841969,550.2474579,10,4,3.84442,TRUE
571,CHEMBL2022114,28,nM,Cc1cn2c(-c3cnn(CC(N)=O)c3)cnc2c(Nc2cc(CN3CCCCC3)ns2)n1,7.552841969,451.1902774,10,2,2.57252,TRUE
572,CHEMBL1822640,28,nM,Cc1cc(Nc2nc(Sc3ccc(NC(=O)CN4C[C@@H](F)C[C@H]4CO)cc3)nn3cccc23)n[nH]1,7.552841969,496.1805213,9,4,2.99882,TRUE
575,CHEMBL1822656,28,nM,Cc1cc(Nc2nc(Sc3ccc(NC(=O)CN4C[C@H](Oc5ccccc5F)[C@@H](O)C4)cc3)nn3cccc23)n[nH]1,7.552841969,574.1910859,10,4,3.85732,TRUE
576,CHEMBL3975342,28,nM,O=C(O)CCC(=O)Nc1cccc(-c2n[nH]c3ccc(NS(=O)(=O)c4ccccc4)cc23)c1,7.552841969,464.1154407,5,4,3.834,TRUE
577,CHEMBL2163401,28.6,nM,Cc1cc(Nc2nc(Sc3ccc(NC(=O)CN4CC[C@@H](S(=O)(=O)C(C)(C)C)C4)cc3)nn3cccc23)n[nH]1,7.543633967,568.2038789,10,3,3.88172,TRUE
578,CHEMBL3646211,28.93,nM,COc1ccc(NC(=O)Nc2ccc(-c3csc4c(-c5cnn(C[C@H](O)CO)c5)cnc(N)c34)cc2)cc1,7.538651566,530.1736243,9,5,4.4148,TRUE
579,CHEMBL1822638,29,nM,Cc1cc(Nc2nc(Sc3ccc(NC(=O)CN4CC(F)(F)C[C@H]4CO)cc3)nn3cccc23)n[nH]1,7.537602002,514.1710994,9,4,3.29602,TRUE
580,CHEMBL2071202,29,nM,Cn1cc(Nc2ncc(Cl)c(N[C@H]3[C@@H](C(N)=O)[C@@H]4C=C[C@H]3C4)n2)cn1,7.537602002,359.1261359,7,3,1.695,TRUE
582,CHEMBL2011932,29,nM,COc1ccc(-c2nc3c(NCCCNC(=O)C4(CN)CC4)c(Br)cnc3[nH]2)cc1,7.537602002,472.1222361,6,4,3.0531,TRUE
583,CHEMBL2071194,29,nM,Cn1cc(Nc2ncc(F)c(N[C@H]3[C@@H](C(N)=O)[C@@H]4C=C[C@H]3C4)n2)cn1,7.537602002,343.1556864,7,3,1.1807,TRUE
584,CHEMBL4288081,29,nM,CNC(=O)Nc1sc2c(C(C)C)cc(NS(=O)(=O)c3cccs3)cc2c1C(N)=O,7.537602002,452.0646681,6,4,3.7372,TRUE
585,CHEMBL3353355,29,nM,COc1ccc2c(c1)[C@]1(C[C@H]1c1ccc3c(/C=C/c4ccc(CN5CCOCC5)cc4)n[nH]c3c1)C(=O)N2,7.537602002,506.2317908,5,2,4.9515,TRUE
586,CHEMBL3322591,29.2,nM,Cc1c[nH]cc(C(=O)Nc2ccc3c(c2)NC(=O)/C3=C\c2ccc[nH]2)c1=O,7.534617149,360.1222404,3,4,2.75642,TRUE
587,CHEMBL3322564,29.6,nM,COc1ccc(NC(=O)CC(=O)Nc2ccc3c(c2)NC(=O)/C3=C\c2ccc[nH]2)cc1,7.528708289,416.1484551,4,4,3.4833,TRUE
588,CHEMBL3329662,29.8,nM,COc1cc(OC)cc(C(=O)NC(=O)Nc2ccc3c(c2)NC(=O)/C3=C\c2ccc[nH]2)c1,7.525783736,432.1433697,5,4,3.4865,TRUE
589,CHEMBL4796460,29.82,nM,Cn1cc(-c2ccc3c(Nc4cccc(NC(=O)Nc5ccc(F)c(Cl)c5)c4)ncnc3c2)cn1,7.525492361,487.1323641,6,3,6.2104,TRUE
591,CHEMBL2170412,30,nM,Fc1cnc(Nc2ccc(CN3CCOCC3)cc2)nc1Nc1ccccc1Cl,7.522878745,413.1418662,6,2,4.5885,TRUE
592,CHEMBL2011929,30,nM,COc1ccc(-c2nc3c(NCCCNC(=O)C(C)C)c(Br)cnc3[nH]2)cc1,7.522878745,445.1113371,5,3,3.9702,TRUE
593,CHEMBL2022372,30,nM,Cc1cn2c(-c3cnn(CC(=O)Nc4ccc(F)cc4)c3)cnc2c(Nc2cc(CN3CCCCC3)ns2)n1,7.522878745,545.2121557,10,2,4.86502,TRUE
594,CHEMBL2029900,30,nM,CN1CCN(C(=O)c2cc(Nc3ncc4cc(/C=N/O)n(C5CCCC5)c4n3)cn2C)CC1,7.522878745,450.2491722,9,2,2.8242,TRUE