Row,Col,Treatment,Concentration_uM,Cell_Death,Well,incubation_time,drug,normalized_atp
B,1,DMSO,0,Healthy,B01,28h,healthy,1.010063112
B,2,Untreated,0,Healthy,B02,28h,healthy,1.003117594
B,3,Stauro,"0,04748",Apoptosis,B03,28h,apoptosis,0.546178971
B,4,Stauro,"0,02374",Apoptosis,B04,28h,apoptosis,0.53130027
B,5,Stauro,"0,01187",Apoptosis,B05,28h,apoptosis,0.737403739
B,6,Stauro,"0,005935",Apoptosis,B06,28h,apoptosis,0.718478795
B,7,Stauro,"0,0029675",Apoptosis,B07,28h,apoptosis,0.881507308
B,8,DMSO,0,Apoptosis,B08,28h,healthy,1.087005433
B,9,Untreated,0,Apoptosis,B09,28h,healthy,1.10471969
B,10,DMSO,0,Apoptosis,B10,28h,healthy,0.985403337
B,11,Untreated,0,Apoptosis,B11,28h,healthy,1.107969428
B,12,DMSO,0,Apoptosis,B12,28h,healthy,1.01525632
B,13,Stauro,"0,04748",Apoptosis,B13,28h,apoptosis,0.558986761
B,14,Stauro,"0,02374",Apoptosis,B14,28h,apoptosis,0.561949758
B,15,Stauro,"0,01187",Apoptosis,B15,28h,apoptosis,0.752824063
B,16,Stauro,"0,005935",Apoptosis,B16,28h,apoptosis,0.664826261
B,17,Stauro,"0,0029675",Apoptosis,B17,28h,apoptosis,0.859268906
B,18,Stauro,"0,04748",Apoptosis,B18,28h,apoptosis,0.533466762
B,19,Stauro,"0,02374",Apoptosis,B19,28h,apoptosis,0.650552903
B,20,Stauro,"0,01187",Apoptosis,B20,28h,apoptosis,0.701369881
B,21,Stauro,"0,005935",Apoptosis,B21,28h,apoptosis,0.735970031
B,22,Stauro,"0,0029675",Apoptosis,B22,28h,apoptosis,0.797173426
B,23,DMSO,0,Healthy,B23,28h,healthy,1.054348755
B,24,Untreated,0,Healthy,B24,28h,healthy,1.012548206
C,1,DMSO,0,Healthy,C01,28h,healthy,1.007386857
C,2,Untreated,0,Healthy,C02,28h,healthy,1.092899566
C,3,Vinblastine,"0,00222",Apoptosis,C03,28h,apoptosis,0.461749509
C,4,Vinblastine,"0,00111",Apoptosis,C04,28h,apoptosis,0.664220918
C,5,Vinblastine,"0,000555",Apoptosis,C05,28h,apoptosis,0.936083787
C,6,Vinblastine,"0,0002775",Apoptosis,C06,28h,apoptosis,0.971894623
C,7,Vinblastine,"0,00013875",Apoptosis,C07,28h,apoptosis,1.000090877
C,8,DMSO,0,Apoptosis,C08,28h,healthy,1.000919242
C,9,Untreated,0,Apoptosis,C09,28h,healthy,1.09188004
C,10,DMSO,0,Apoptosis,C10,28h,healthy,0.985817519
C,11,Untreated,0,Apoptosis,C11,28h,healthy,1.141550052
C,12,DMSO,0,Apoptosis,C12,28h,healthy,1.118610726
C,13,Vinblastine,"0,00222",Apoptosis,C13,28h,apoptosis,0.612225113
C,14,Vinblastine,"0,00111",Apoptosis,C14,28h,apoptosis,0.753397546
C,15,Vinblastine,"0,000555",Apoptosis,C15,28h,apoptosis,0.955837095
C,16,Vinblastine,"0,0002775",Apoptosis,C16,28h,apoptosis,1.021309754
C,17,Vinblastine,"0,00013875",Apoptosis,C17,28h,apoptosis,1.002193649
C,18,Vinblastine,"0,00222",Apoptosis,C18,28h,apoptosis,0.556437948
C,19,Vinblastine,"0,00111",Apoptosis,C19,28h,apoptosis,0.788507459
C,20,Vinblastine,"0,000555",Apoptosis,C20,28h,apoptosis,0.969887432
C,21,Vinblastine,"0,0002775",Apoptosis,C21,28h,apoptosis,0.985753799
C,22,Vinblastine,"0,00013875",Apoptosis,C22,28h,apoptosis,1.062250078
C,23,DMSO,0,Healthy,C23,28h,healthy,1.069036295
C,24,Untreated,0,Healthy,C24,28h,healthy,1.058299416
D,1,DMSO,0,Healthy,D01,28h,healthy,1.042687931
D,2,Untreated,0,Healthy,D02,28h,healthy,1.090541913
D,3,Paclitaxel,"110,24",Apoptosis,D03,28h,apoptosis,0.455919097
D,4,Paclitaxel,"55,12",Apoptosis,D04,28h,apoptosis,0.103290686
D,5,Paclitaxel,"27,56",Apoptosis,D05,28h,apoptosis,0.213399449
D,6,Paclitaxel,"13,78",Apoptosis,D06,28h,apoptosis,0.334850434
D,7,Paclitaxel,"6,89",Apoptosis,D07,28h,apoptosis,0.384265565
D,8,DMSO,0,Apoptosis,D08,28h,healthy,1.080474098
D,9,Untreated,0,Apoptosis,D09,28h,healthy,1.131418517
D,10,DMSO,0,Apoptosis,D10,28h,healthy,1.111155446
D,11,Untreated,0,Apoptosis,D11,28h,healthy,1.049123686
D,12,DMSO,0,Apoptosis,D12,28h,healthy,1.008183362
D,13,Paclitaxel,"110,24",Apoptosis,D13,28h,apoptosis,0.275080747
D,14,Paclitaxel,"55,12",Apoptosis,D14,28h,apoptosis,0.148086091
D,15,Paclitaxel,"27,56",Apoptosis,D15,28h,apoptosis,0.196640997
D,16,Paclitaxel,"13,78",Apoptosis,D16,28h,apoptosis,0.359064167
D,17,Paclitaxel,"6,89",Apoptosis,D17,28h,apoptosis,0.451777274
D,18,Paclitaxel,"110,24",Apoptosis,D18,28h,apoptosis,0.360720896
D,19,Paclitaxel,"55,12",Apoptosis,D19,28h,apoptosis,0.144836353
D,20,Paclitaxel,"27,56",Apoptosis,D20,28h,apoptosis,0.190460123
D,21,Paclitaxel,"13,78",Apoptosis,D21,28h,apoptosis,0.39812474
D,22,Paclitaxel,"6,89",Apoptosis,D22,28h,apoptosis,0.384488586
D,23,DMSO,0,Healthy,D23,28h,healthy,1.046893474
D,24,Untreated,0,Healthy,D24,28h,healthy,1.103509004
E,1,DMSO,0,Healthy,E01,28h,healthy,0.946979966
E,2,Untreated,0,Healthy,E02,28h,healthy,1.027713649
E,3,Etoposide,"67,48",Apoptosis,E03,28h,apoptosis,0.560420469
E,4,Etoposide,"33,74",Apoptosis,E04,28h,apoptosis,0.523430807
E,5,Etoposide,"16,87",Apoptosis,E05,28h,apoptosis,0.634367934
E,6,Etoposide,"8,435",Apoptosis,E06,28h,apoptosis,0.608943515
E,7,Etoposide,"42,175",Apoptosis,E07,28h,apoptosis,0.743966935
E,8,DMSO,0,Apoptosis,E08,28h,healthy,1.026917144
E,9,Untreated,0,Apoptosis,E09,28h,healthy,1.062313798
E,10,DMSO,0,Apoptosis,E10,28h,healthy,1.058841039
E,11,Untreated,0,Apoptosis,E11,28h,healthy,1.117527481
E,12,DMSO,0,Apoptosis,E12,28h,healthy,1.106695021
E,13,Etoposide,"67,48",Apoptosis,E13,28h,apoptosis,0.466528535
E,14,Etoposide,"33,74",Apoptosis,E14,28h,apoptosis,0.530440045
E,15,Etoposide,"16,87",Apoptosis,E15,28h,apoptosis,0.610791405
E,16,Etoposide,"8,435",Apoptosis,E16,28h,apoptosis,0.704077996
E,17,Etoposide,"42,175",Apoptosis,E17,28h,apoptosis,0.754353351
E,18,Etoposide,"67,48",Apoptosis,E18,28h,apoptosis,0.38350092
E,19,Etoposide,"33,74",Apoptosis,E19,28h,apoptosis,0.429252131
E,20,Etoposide,"16,87",Apoptosis,E20,28h,apoptosis,0.592153203
E,21,Etoposide,"8,435",Apoptosis,E21,28h,apoptosis,0.66460324
E,22,Etoposide,"42,175",Apoptosis,E22,28h,apoptosis,0.753206385
E,23,DMSO,0,Healthy,E23,28h,healthy,1.040266557
E,24,Untreated,0,Healthy,E24,28h,healthy,1.055208979
F,1,DMSO,0,Healthy,F01,28h,healthy,1.076555296
F,2,Untreated,0,Healthy,F02,28h,healthy,1.055750602
F,3,Actinomycin D,"0,0015104",Apoptosis,F03,28h,apoptosis,0.961667507
F,4,Actinomycin D,"0,0007552",Apoptosis,F04,28h,apoptosis,0.939397245
F,5,Actinomycin D,"0,0003776",Apoptosis,F05,28h,apoptosis,1.147189303
F,6,Actinomycin D,"0,0001888",Apoptosis,F06,28h,apoptosis,0.97504878
F,7,Actinomycin D,"9,44e-05",Apoptosis,F07,28h,apoptosis,1.12832808
F,8,DMSO,0,Apoptosis,F08,28h,healthy,1.13938356
F,9,Untreated,0,Apoptosis,F09,28h,healthy,1.10471969
F,10,DMSO,0,Apoptosis,F10,28h,healthy,1.106185258
F,11,Untreated,0,Apoptosis,F11,28h,healthy,1.080569678
F,12,DMSO,0,Apoptosis,F12,28h,healthy,1.013758892
F,13,Actinomycin D,"0,0015104",Apoptosis,F13,28h,apoptosis,0.83438611
F,14,Actinomycin D,"0,0007552",Apoptosis,F14,28h,apoptosis,0.933152651
F,15,Actinomycin D,"0,0003776",Apoptosis,F15,28h,apoptosis,0.957716845
F,16,Actinomycin D,"0,0001888",Apoptosis,F16,28h,apoptosis,1.041031202
F,17,Actinomycin D,"9,44e-05",Apoptosis,F17,28h,apoptosis,1.122688829
F,18,Actinomycin D,"0,0015104",Apoptosis,F18,28h,apoptosis,0.799021316
F,19,Actinomycin D,"0,0007552",Apoptosis,F19,28h,apoptosis,0.994483487
F,20,Actinomycin D,"0,0003776",Apoptosis,F20,28h,apoptosis,1.005252226
F,21,Actinomycin D,"0,0001888",Apoptosis,F21,28h,apoptosis,1.093982812
F,22,Actinomycin D,"9,44e-05",Apoptosis,F22,28h,apoptosis,0.999358093
F,23,DMSO,0,Healthy,F23,28h,healthy,1.059191501
F,24,Untreated,0,Healthy,F24,28h,healthy,0.974252276
G,1,DMSO,0,Healthy,G01,28h,healthy,0.993177219
G,2,Untreated,0,Healthy,G02,28h,healthy,1.097614871
G,3,Doxorubicin,"0,2472",Apoptosis,G03,28h,apoptosis,0.775476647
G,4,Doxorubicin,"0,1236",Apoptosis,G04,28h,apoptosis,0.882717995
G,5,Doxorubicin,"0,0618",Apoptosis,G05,28h,apoptosis,0.982886383
G,6,Doxorubicin,"0,0309",Apoptosis,G06,28h,apoptosis,0.935924486
G,7,Doxorubicin,"0,01545",Apoptosis,G07,28h,apoptosis,0.974443437
G,8,DMSO,0,Apoptosis,G08,28h,healthy,1.070820465
G,9,Untreated,0,Apoptosis,G09,28h,healthy,1.112493573
G,10,DMSO,0,Apoptosis,G10,28h,healthy,1.106949903
G,11,Untreated,0,Apoptosis,G11,28h,healthy,1.12281627
G,12,DMSO,0,Apoptosis,G12,28h,healthy,1.047371376
G,13,Doxorubicin,"0,2472",Apoptosis,G13,28h,apoptosis,0.699936173
G,14,Doxorubicin,"0,1236",Apoptosis,G14,28h,apoptosis,0.855955448
G,15,Doxorubicin,"0,0618",Apoptosis,G15,28h,apoptosis,0.969409529
G,16,Doxorubicin,"0,0309",Apoptosis,G16,28h,apoptosis,1.022169978
G,17,Doxorubicin,"0,01545",Apoptosis,G17,28h,apoptosis,1.014268655
G,18,Doxorubicin,"0,2472",Apoptosis,G18,28h,apoptosis,0.587119296
G,19,Doxorubicin,"0,1236",Apoptosis,G19,28h,apoptosis,0.855668706
G,20,Doxorubicin,"0,0618",Apoptosis,G20,28h,apoptosis,0.955550353
G,21,Doxorubicin,"0,0309",Apoptosis,G21,28h,apoptosis,0.999708555
G,22,Doxorubicin,"0,01545",Apoptosis,G22,28h,apoptosis,0.979063162
G,23,DMSO,0,Healthy,G23,28h,healthy,1.014236795
G,24,Untreated,0,Healthy,G24,28h,healthy,1.069354897
H,1,DMSO,0,Healthy,H01,28h,healthy,0.977215272
H,2,Untreated,0,Healthy,H02,28h,healthy,1.033767082
H,3,Niclosamide,"6,78",Apoptosis,H03,28h,apoptosis,0.393027113
H,4,Niclosamide,"3,39",Apoptosis,H04,28h,apoptosis,0.580301218
H,5,Niclosamide,"1,695",Apoptosis,H05,28h,apoptosis,0.859014025
H,6,Niclosamide,"0,8475",Apoptosis,H06,28h,apoptosis,0.905115697
H,7,Niclosamide,"0,42375",Apoptosis,H07,28h,apoptosis,1.010764036
H,8,DMSO,0,Apoptosis,H08,28h,healthy,1.021341614
H,9,Untreated,0,Apoptosis,H09,28h,healthy,1.052851326
H,10,DMSO,0,Apoptosis,H10,28h,healthy,0.975909005
H,11,Untreated,0,Apoptosis,H11,28h,healthy,1.069482337
H,12,DMSO,0,Apoptosis,H12,28h,healthy,0.966956296
H,13,Niclosamide,"6,78",Apoptosis,H13,28h,apoptosis,0.334245091
H,14,Niclosamide,"3,39",Apoptosis,H14,28h,apoptosis,0.573483141
H,15,Niclosamide,"1,695",Apoptosis,H15,28h,apoptosis,0.774712003
H,16,Niclosamide,"0,8475",Apoptosis,H16,28h,apoptosis,0.855509406
H,17,Niclosamide,"0,42375",Apoptosis,H17,28h,apoptosis,0.967370478
H,18,Niclosamide,"6,78",Apoptosis,H18,28h,apoptosis,0.331791857
H,19,Niclosamide,"3,39",Apoptosis,H19,28h,apoptosis,0.709685387
H,20,Niclosamide,"1,695",Apoptosis,H20,28h,apoptosis,0.773342015
H,21,Niclosamide,"0,8475",Apoptosis,H21,28h,apoptosis,0.938919342
H,22,Niclosamide,"0,42375",Apoptosis,H22,28h,apoptosis,0.917381864
H,23,DMSO,0,Healthy,H23,28h,healthy,1.023253224
H,24,Untreated,0,Healthy,H24,28h,healthy,1.05900034
I,1,DMSO,0,Healthy,I01,28h,healthy,1.070119541
I,2,Untreated,0,Healthy,I02,28h,healthy,1.017836995
I,3,RLS3,"0,06028",Ferroptosis,I03,28h,ferroptosis,0.159109711
I,4,RLS3,"0,03014",Ferroptosis,I04,28h,ferroptosis,0.327650034
I,5,RLS3,"0,01507",Ferroptosis,I05,28h,ferroptosis,0.711310256
I,6,RLS3,"0,007535",Ferroptosis,I06,28h,ferroptosis,0.897341815
I,7,RLS3,"0,0037675",Ferroptosis,I07,28h,ferroptosis,1.001620166
I,8,DMSO,0,Ferroptosis,I08,28h,healthy,1.050780415
I,9,Untreated,0,Ferroptosis,I09,28h,healthy,1.067984909
I,10,DMSO,0,Ferroptosis,I10,28h,healthy,1.012261464
I,11,Untreated,0,Ferroptosis,I11,28h,healthy,1.150184159
I,12,DMSO,0,Ferroptosis,I12,28h,healthy,1.064289129
I,13,RLS3,"0,06028",Ferroptosis,I13,28h,ferroptosis,0.212762245
I,14,RLS3,"0,03014",Ferroptosis,I14,28h,ferroptosis,0.379837
I,15,RLS3,"0,01507",Ferroptosis,I15,28h,ferroptosis,0.930540116
I,16,RLS3,"0,007535",Ferroptosis,I16,28h,ferroptosis,1.042847232
I,17,RLS3,"0,0037675",Ferroptosis,I17,28h,ferroptosis,1.006940815
I,18,RLS3,"0,06028",Ferroptosis,I18,28h,ferroptosis,0.26651036
I,19,RLS3,"0,03014",Ferroptosis,I19,28h,ferroptosis,0.701752203
I,20,RLS3,"0,01507",Ferroptosis,I20,28h,ferroptosis,0.730458221
I,21,RLS3,"0,007535",Ferroptosis,I21,28h,ferroptosis,0.909671702
I,22,RLS3,"0,0037675",Ferroptosis,I22,28h,ferroptosis,1.022616021
I,23,DMSO,0,Healthy,I23,28h,healthy,1.006239891
I,24,Untreated,0,Healthy,I24,28h,healthy,1.035168929
J,1,DMSO,0,Healthy,J01,28h,healthy,1.008565684
J,2,Untreated,0,Healthy,J02,28h,healthy,1.032014772
J,3,ML162,"0,09572",Ferroptosis,J03,28h,ferroptosis,0.175613282
J,4,ML162,"0,04786",Ferroptosis,J04,28h,ferroptosis,0.283555553
J,5,ML162,"0,02393",Ferroptosis,J05,28h,ferroptosis,0.868253475
J,6,ML162,"0,011965",Ferroptosis,J06,28h,ferroptosis,0.906103363
J,7,ML162,"0,0059825",Ferroptosis,J07,28h,ferroptosis,1.129729927
J,8,DMSO,0,Ferroptosis,J08,28h,healthy,1.147699066
J,9,Untreated,0,Ferroptosis,J09,28h,healthy,1.110518242
J,10,DMSO,0,Ferroptosis,J10,28h,healthy,1.076236694
J,11,Untreated,0,Ferroptosis,J11,28h,healthy,1.128136919
J,12,DMSO,0,Ferroptosis,J12,28h,healthy,1.015670503
J,13,ML162,"0,09572",Ferroptosis,J13,28h,ferroptosis,0.210309012
J,14,ML162,"0,04786",Ferroptosis,J14,28h,ferroptosis,0.159969936
J,15,ML162,"0,02393",Ferroptosis,J15,28h,ferroptosis,0.800932927
J,16,ML162,"0,011965",Ferroptosis,J16,28h,ferroptosis,0.864589555
J,17,ML162,"0,0059825",Ferroptosis,J17,28h,ferroptosis,1.024878093
J,18,ML162,"0,09572",Ferroptosis,J18,28h,ferroptosis,0.145600997
J,19,ML162,"0,04786",Ferroptosis,J19,28h,ferroptosis,0.406249085
J,20,ML162,"0,02393",Ferroptosis,J20,28h,ferroptosis,0.666132528
J,21,ML162,"0,011965",Ferroptosis,J21,28h,ferroptosis,0.959532875
J,22,ML162,"0,0059825",Ferroptosis,J22,28h,ferroptosis,0.928724086
J,23,DMSO,0,Healthy,J23,28h,healthy,1.006399192
J,24,Untreated,0,Healthy,J24,28h,healthy,0.972404386
K,1,DMSO,0,Healthy,K01,28h,healthy,1.151968329
K,2,Untreated,0,Healthy,K02,28h,healthy,1.103700165
K,3,ML210,"0,4704",Ferroptosis,K03,28h,ferroptosis,0.157261821
K,4,ML210,"0,2352",Ferroptosis,K04,28h,ferroptosis,0.229903019
K,5,ML210,"0,1176",Ferroptosis,K05,28h,ferroptosis,0.290564791
K,6,ML210,"0,0588",Ferroptosis,K06,28h,ferroptosis,0.782167284
K,7,ML210,"0,0294",Ferroptosis,K07,28h,ferroptosis,1.074293224
K,8,DMSO,0,Ferroptosis,K08,28h,healthy,1.203358791
K,9,Untreated,0,Ferroptosis,K09,28h,healthy,1.118961188
K,10,DMSO,0,Ferroptosis,K10,28h,healthy,1.09363235
K,11,Untreated,0,Ferroptosis,K11,28h,healthy,1.16668773
K,12,DMSO,0,Ferroptosis,K12,28h,healthy,1.200523235
K,13,ML210,"0,4704",Ferroptosis,K13,28h,ferroptosis,0.206422071
K,14,ML210,"0,2352",Ferroptosis,K14,28h,ferroptosis,0.219421022
K,15,ML210,"0,1176",Ferroptosis,K15,28h,ferroptosis,0.495712455
K,16,ML210,"0,0588",Ferroptosis,K16,28h,ferroptosis,0.826166185
K,17,ML210,"0,0294",Ferroptosis,K17,28h,ferroptosis,0.924900866
K,18,ML210,"0,4704",Ferroptosis,K18,28h,ferroptosis,0.15337488
K,19,ML210,"0,2352",Ferroptosis,K19,28h,ferroptosis,0.277693281
K,20,ML210,"0,1176",Ferroptosis,K20,28h,ferroptosis,0.376268661
K,21,ML210,"0,0588",Ferroptosis,K21,28h,ferroptosis,0.826229905
K,22,ML210,"0,0294",Ferroptosis,K22,28h,ferroptosis,0.899890629
K,23,DMSO,0,Healthy,K23,28h,healthy,1.112270552
K,24,Untreated,0,Healthy,K24,28h,healthy,1.105739216
L,1,DMSO,0,Healthy,L01,28h,healthy,1.074962287
L,2,Untreated,0,Healthy,L02,28h,healthy,1.129984809
L,3,Erastin,"5,132",Ferroptosis,L03,28h,ferroptosis,1.093027006
L,4,Erastin,"2,566",Ferroptosis,L04,28h,ferroptosis,0.874816671
L,5,Erastin,"1,283",Ferroptosis,L05,28h,ferroptosis,1.151394846
L,6,Erastin,"0,6415",Ferroptosis,L06,28h,ferroptosis,1.047594398
L,7,Erastin,"0,32075",Ferroptosis,L07,28h,ferroptosis,1.19593537
L,8,DMSO,0,Ferroptosis,L08,28h,healthy,1.13562406
L,9,Untreated,0,Ferroptosis,L09,28h,healthy,1.182331075
L,10,DMSO,0,Ferroptosis,L10,28h,healthy,1.107013623
L,11,Untreated,0,Ferroptosis,L11,28h,healthy,1.224195345
L,12,DMSO,0,Ferroptosis,L12,28h,healthy,1.100004385
L,13,Erastin,"5,132",Ferroptosis,L13,28h,ferroptosis,1.049537868
L,14,Erastin,"2,566",Ferroptosis,L14,28h,ferroptosis,1.054603636
L,15,Erastin,"1,283",Ferroptosis,L15,28h,ferroptosis,1.191379365
L,16,Erastin,"0,6415",Ferroptosis,L16,28h,ferroptosis,1.134317792
L,17,Erastin,"0,32075",Ferroptosis,L17,28h,ferroptosis,1.115201688
L,18,Erastin,"5,132",Ferroptosis,L18,28h,ferroptosis,0.94395325
L,19,Erastin,"2,566",Ferroptosis,L19,28h,ferroptosis,1.129060864
L,20,Erastin,"1,283",Ferroptosis,L20,28h,ferroptosis,1.055750602
L,21,Erastin,"0,6415",Ferroptosis,L21,28h,ferroptosis,1.04265607
L,22,Erastin,"0,32075",Ferroptosis,L22,28h,ferroptosis,1.086208929
L,23,DMSO,0,Healthy,L23,28h,healthy,1.047275796
L,24,Untreated,0,Healthy,L24,28h,healthy,1.038386807
M,1,DMSO,0,Healthy,M01,28h,healthy,0.888771428
M,2,Untreated,0,Healthy,M02,28h,healthy,1.023571826
M,3,IKE,"1,396",Ferroptosis,M03,28h,ferroptosis,0.037563146
M,4,IKE,"0,698",Ferroptosis,M04,28h,ferroptosis,0.158599949
M,5,IKE,"0,349",Ferroptosis,M05,28h,ferroptosis,0.962464011
M,6,IKE,"0,1745",Ferroptosis,M06,28h,ferroptosis,0.830403588
M,7,IKE,"0,08725",Ferroptosis,M07,28h,ferroptosis,0.985530778
M,8,DMSO,0,Ferroptosis,M08,28h,healthy,1.068845134
M,9,Untreated,0,Ferroptosis,M09,28h,healthy,0.97501692
M,10,DMSO,0,Ferroptosis,M10,28h,healthy,1.058681738
M,11,Untreated,0,Ferroptosis,M11,28h,healthy,1.010158692
M,12,DMSO,0,Ferroptosis,M12,28h,healthy,1.004806183
M,13,IKE,"1,396",Ferroptosis,M13,28h,ferroptosis,0.042182871
M,14,IKE,"0,698",Ferroptosis,M14,28h,ferroptosis,0.176600947
M,15,IKE,"0,349",Ferroptosis,M15,28h,ferroptosis,0.524259171
M,16,IKE,"0,1745",Ferroptosis,M16,28h,ferroptosis,0.974188555
M,17,IKE,"0,08725",Ferroptosis,M17,28h,ferroptosis,0.901515497
M,18,IKE,"1,396",Ferroptosis,M18,28h,ferroptosis,0.03469573
M,19,IKE,"0,698",Ferroptosis,M19,28h,ferroptosis,0.387356001
M,20,IKE,"0,349",Ferroptosis,M20,28h,ferroptosis,0.597441992
M,21,IKE,"0,1745",Ferroptosis,M21,28h,ferroptosis,0.906103363
M,22,IKE,"0,08725",Ferroptosis,M22,28h,ferroptosis,0.942455822
M,23,DMSO,0,Healthy,M23,28h,healthy,0.974539017
M,24,Untreated,0,Healthy,M24,28h,healthy,0.966159792
N,1,DMSO,0,Healthy,N01,28h,healthy,0.928564786
N,2,Untreated,0,Healthy,N02,28h,healthy,0.970397195
N,3,FINO2,"4,284",Ferroptosis,N03,28h,ferroptosis,0.051677203
N,4,FINO2,"2,142",Ferroptosis,N04,28h,ferroptosis,0.131582521
N,5,FINO2,"1,071",Ferroptosis,N05,28h,ferroptosis,0.454963292
N,6,FINO2,"0,5355",Ferroptosis,N06,28h,ferroptosis,0.683719345
N,7,FINO2,"0,26775",Ferroptosis,N07,28h,ferroptosis,0.923658319
N,8,DMSO,0,Ferroptosis,N08,28h,healthy,0.90371385
N,9,Leer,0,Ferroptosis,N09,28h,,1.06272798
N,10,DMSO,0,Ferroptosis,N10,28h,healthy,0.95124923
N,11,Leer,0,Ferroptosis,N11,28h,,1.007068256
N,12,DMSO,0,Ferroptosis,N12,28h,healthy,0.950229704
N,13,FINO2,"4,284",Ferroptosis,N13,28h,ferroptosis,0.048045143
N,14,FINO2,"2,142",Ferroptosis,N14,28h,ferroptosis,0.106030661
N,15,FINO2,"1,071",Ferroptosis,N15,28h,ferroptosis,0.546401993
N,16,FINO2,"0,5355",Ferroptosis,N16,28h,ferroptosis,0.553666112
N,17,FINO2,"0,26775",Ferroptosis,N17,28h,ferroptosis,0.858886584
N,18,FINO2,"4,284",Ferroptosis,N18,28h,ferroptosis,0.049924893
N,19,FINO2,"2,142",Ferroptosis,N19,28h,ferroptosis,0.190523843
N,20,FINO2,"1,071",Ferroptosis,N20,28h,ferroptosis,0.289768287
N,21,FINO2,"0,5355",Ferroptosis,N21,28h,ferroptosis,0.779491029
N,22,FINO2,"0,26775",Ferroptosis,N22,28h,ferroptosis,0.738678146
N,23,DMSO,0,Healthy,N23,28h,healthy,1.032460815
N,24,Untreated,0,Healthy,N24,28h,healthy,0.952491777
O,1,DMSO,0,Healthy,O01,28h,healthy,0.9384733
O,2,Untreated,0,Healthy,O02,28h,healthy,1.031505009
O,3,FIN56,"0,3106",Ferroptosis,O03,28h,ferroptosis,0.366041545
O,4,FIN56,"0,1553",Ferroptosis,O04,28h,ferroptosis,0.415169934
O,5,FIN56,"0,07765",Ferroptosis,O05,28h,ferroptosis,0.736639094
O,6,FIN56,"0,038825",Ferroptosis,O06,28h,ferroptosis,0.736957696
O,7,FIN56,"0,0194125",Ferroptosis,O07,28h,ferroptosis,1.015606782
O,8,DMSO,0,Ferroptosis,O08,28h,healthy,0.930476396
O,9,Leer,0,Ferroptosis,O09,28h,,0.971066258
O,10,DMSO,0,Ferroptosis,O10,28h,healthy,1.009585209
O,11,Leer,0,Ferroptosis,O11,28h,,0.970524635
O,12,DMSO,0,Ferroptosis,O12,28h,healthy,1.014300515
O,13,FIN56,"0,3106",Ferroptosis,O13,28h,ferroptosis,0.273997501
O,14,FIN56,"0,1553",Ferroptosis,O14,28h,ferroptosis,0.492271556
O,15,FIN56,"0,07765",Ferroptosis,O15,28h,ferroptosis,0.537098822
O,16,FIN56,"0,038825",Ferroptosis,O16,28h,ferroptosis,0.79784249
O,17,FIN56,"0,0194125",Ferroptosis,O17,28h,ferroptosis,0.778025461
O,18,FIN56,"0,3106",Ferroptosis,O18,28h,ferroptosis,0.230349062
O,19,FIN56,"0,1553",Ferroptosis,O19,28h,ferroptosis,0.390350858
O,20,FIN56,"0,07765",Ferroptosis,O20,28h,ferroptosis,0.570838746
O,21,FIN56,"0,038825",Ferroptosis,O21,28h,ferroptosis,0.794082989
O,22,FIN56,"0,0194125",Ferroptosis,O22,28h,ferroptosis,0.832378919
O,23,DMSO,0,Healthy,O23,28h,healthy,0.945100216
O,24,Untreated,0,Healthy,O24,28h,healthy,0.983937769
B,1,DMSO,0,Healthy,B01,28h,healthy,1.039406333
B,2,Untreated,0,Healthy,B02,28h,healthy,0.984574972
B,3,Stauro,"0,04748",Apoptosis,B03,28h,apoptosis,0.463629259
B,4,Stauro,"0,02374",Apoptosis,B04,28h,apoptosis,0.475258223
B,5,Stauro,"0,01187",Apoptosis,B05,28h,apoptosis,0.656351455
B,6,Stauro,"0,005935",Apoptosis,B06,28h,apoptosis,0.664252778
B,7,Stauro,"0,0029675",Apoptosis,B07,28h,apoptosis,0.81440978
B,8,DMSO,0,Apoptosis,B08,28h,healthy,0.956888481
B,9,Untreated,0,Apoptosis,B09,28h,healthy,1.030708505
B,10,DMSO,0,Apoptosis,B10,28h,healthy,0.937581215
B,11,Untreated,0,Apoptosis,B11,28h,healthy,0.994037444
B,12,DMSO,0,Apoptosis,B12,28h,healthy,1.010923337
B,13,Stauro,"0,04748",Apoptosis,B13,28h,apoptosis,0.477329134
B,14,Stauro,"0,02374",Apoptosis,B14,28h,apoptosis,0.548823366
B,15,Stauro,"0,01187",Apoptosis,B15,28h,apoptosis,0.632934226
B,16,Stauro,"0,005935",Apoptosis,B16,28h,apoptosis,0.700509657
B,17,Stauro,"0,0029675",Apoptosis,B17,28h,apoptosis,0.75234616
B,18,Stauro,"0,04748",Apoptosis,B18,28h,apoptosis,0.4491966
B,19,Stauro,"0,02374",Apoptosis,B19,28h,apoptosis,0.598270357
B,20,Stauro,"0,01187",Apoptosis,B20,28h,apoptosis,0.606490282
B,21,Stauro,"0,005935",Apoptosis,B21,28h,apoptosis,0.731254725
B,22,Stauro,"0,0029675",Apoptosis,B22,28h,apoptosis,0.779363588
B,23,DMSO,0,Healthy,B23,28h,healthy,0.94388953
B,24,Untreated,0,Healthy,B24,28h,healthy,1.04080818
C,1,DMSO,0,Healthy,C01,28h,healthy,1.003245035
C,2,Untreated,0,Healthy,C02,28h,healthy,0.971671602
C,3,Vinblastine,"0,00222",Apoptosis,C03,28h,apoptosis,0.453083541
C,4,Vinblastine,"0,00111",Apoptosis,C04,28h,apoptosis,0.700828258
C,5,Vinblastine,"0,000555",Apoptosis,C05,28h,apoptosis,0.874434349
C,6,Vinblastine,"0,0002775",Apoptosis,C06,28h,apoptosis,0.964980965
C,7,Vinblastine,"0,00013875",Apoptosis,C07,28h,apoptosis,0.940990254
C,8,DMSO,0,Apoptosis,C08,28h,healthy,1.009457769
C,9,Untreated,0,Apoptosis,C09,28h,healthy,1.01516074
C,10,DMSO,0,Apoptosis,C10,28h,healthy,0.997765085
C,11,Untreated,0,Apoptosis,C11,28h,healthy,1.033098018
C,12,DMSO,0,Apoptosis,C12,28h,healthy,1.048582063
C,13,Vinblastine,"0,00222",Apoptosis,C13,28h,apoptosis,0.579759595
C,14,Vinblastine,"0,00111",Apoptosis,C14,28h,apoptosis,0.641440893
C,15,Vinblastine,"0,000555",Apoptosis,C15,28h,apoptosis,0.886063313
C,16,Vinblastine,"0,0002775",Apoptosis,C16,28h,apoptosis,0.97858526
C,17,Vinblastine,"0,00013875",Apoptosis,C17,28h,apoptosis,0.961794948
C,18,Vinblastine,"0,00222",Apoptosis,C18,28h,apoptosis,0.527923091
C,19,Vinblastine,"0,00111",Apoptosis,C19,28h,apoptosis,0.759865162
C,20,Vinblastine,"0,000555",Apoptosis,C20,28h,apoptosis,0.904988256
C,21,Vinblastine,"0,0002775",Apoptosis,C21,28h,apoptosis,1.008724985
C,22,Vinblastine,"0,00013875",Apoptosis,C22,28h,apoptosis,1.01892024
C,23,DMSO,0,Healthy,C23,28h,healthy,0.951567832
C,24,Untreated,0,Healthy,C24,28h,healthy,1.038131926
D,1,DMSO,0,Healthy,D01,28h,healthy,1.032620116
D,2,Untreated,0,Healthy,D02,28h,healthy,0.990723986
D,3,Paclitaxel,"110,24",Apoptosis,D03,28h,apoptosis,0.464393903
D,4,Paclitaxel,"55,12",Apoptosis,D04,28h,apoptosis,0.109152958
D,5,Paclitaxel,"27,56",Apoptosis,D05,28h,apoptosis,0.148659574
D,6,Paclitaxel,"13,78",Apoptosis,D06,28h,apoptosis,0.256952307
D,7,Paclitaxel,"6,89",Apoptosis,D07,28h,apoptosis,0.42186057
D,8,DMSO,0,Apoptosis,D08,28h,healthy,1.029529679
D,9,Untreated,0,Apoptosis,D09,28h,healthy,1.04265607
D,10,DMSO,0,Apoptosis,D10,28h,healthy,0.990023062
D,11,Untreated,0,Apoptosis,D11,28h,healthy,1.053361089
D,12,DMSO,0,Apoptosis,D12,28h,healthy,1.046829753
D,13,Paclitaxel,"110,24",Apoptosis,D13,28h,apoptosis,0.133430411
D,14,Paclitaxel,"55,12",Apoptosis,D14,28h,apoptosis,0.137444793
D,15,Paclitaxel,"27,56",Apoptosis,D15,28h,apoptosis,0.133876453
D,16,Paclitaxel,"13,78",Apoptosis,D16,28h,apoptosis,0.253511408
D,17,Paclitaxel,"6,89",Apoptosis,D17,28h,apoptosis,0.404401195
D,18,Paclitaxel,"110,24",Apoptosis,D18,28h,apoptosis,0.204128138
D,19,Paclitaxel,"55,12",Apoptosis,D19,28h,apoptosis,0.103927889
D,20,Paclitaxel,"27,56",Apoptosis,D20,28h,apoptosis,0.160798301
D,21,Paclitaxel,"13,78",Apoptosis,D21,28h,apoptosis,0.285339723
D,22,Paclitaxel,"6,89",Apoptosis,D22,28h,apoptosis,0.358235802
D,23,DMSO,0,Healthy,D23,28h,healthy,1.000313899
D,24,Untreated,0,Healthy,D24,28h,healthy,0.988653075
E,1,DMSO,0,Healthy,E01,28h,healthy,0.958736371
E,2,Untreated,0,Healthy,E02,28h,healthy,1.061899616
E,3,Etoposide,"67,48",Apoptosis,E03,28h,apoptosis,0.464234603
E,4,Etoposide,"33,74",Apoptosis,E04,28h,apoptosis,0.517759696
E,5,Etoposide,"16,87",Apoptosis,E05,28h,apoptosis,0.597888035
E,6,Etoposide,"8,435",Apoptosis,E06,28h,apoptosis,0.673970131
E,7,Etoposide,"42,175",Apoptosis,E07,28h,apoptosis,0.825433401
E,8,DMSO,0,Apoptosis,E08,28h,healthy,0.991839092
E,9,Untreated,0,Apoptosis,E09,28h,healthy,1.063333324
E,10,DMSO,0,Apoptosis,E10,28h,healthy,1.082067106
E,11,Untreated,0,Apoptosis,E11,28h,healthy,0.99502511
E,12,DMSO,0,Apoptosis,E12,28h,healthy,1.072222312
E,13,Etoposide,"67,48",Apoptosis,E13,28h,apoptosis,0.469013629
E,14,Etoposide,"33,74",Apoptosis,E14,28h,apoptosis,0.546816175
E,15,Etoposide,"16,87",Apoptosis,E15,28h,apoptosis,0.650584763
E,16,Etoposide,"8,435",Apoptosis,E16,28h,apoptosis,0.722811779
E,17,Etoposide,"42,175",Apoptosis,E17,28h,apoptosis,0.67916334
E,18,Etoposide,"67,48",Apoptosis,E18,28h,apoptosis,0.398538923
E,19,Etoposide,"33,74",Apoptosis,E19,28h,apoptosis,0.544554102
E,20,Etoposide,"16,87",Apoptosis,E20,28h,apoptosis,0.612097672
E,21,Etoposide,"8,435",Apoptosis,E21,28h,apoptosis,0.678876598
E,22,Etoposide,"42,175",Apoptosis,E22,28h,apoptosis,0.765281391
E,23,DMSO,0,Healthy,E23,28h,healthy,1.027841089
E,24,Untreated,0,Healthy,E24,28h,healthy,1.073496719
F,1,DMSO,0,Healthy,F01,28h,healthy,0.977533874
F,2,Untreated,0,Healthy,F02,28h,healthy,0.994356046
F,3,Actinomycin D,"0,0015104",Apoptosis,F03,28h,apoptosis,0.807209381
F,4,Actinomycin D,"0,0007552",Apoptosis,F04,28h,apoptosis,0.938728181
F,5,Actinomycin D,"0,0003776",Apoptosis,F05,28h,apoptosis,1.030262463
F,6,Actinomycin D,"0,0001888",Apoptosis,F06,28h,apoptosis,0.885171228
F,7,Actinomycin D,"9,44e-05",Apoptosis,F07,28h,apoptosis,1.096021863
F,8,DMSO,0,Apoptosis,F08,28h,healthy,1.032301514
F,9,Untreated,0,Apoptosis,F09,28h,healthy,0.986550303
F,10,DMSO,0,Apoptosis,F10,28h,healthy,1.065053773
F,11,Untreated,0,Apoptosis,F11,28h,healthy,1.041732125
F,12,DMSO,0,Apoptosis,F12,28h,healthy,0.995439292
F,13,Actinomycin D,"0,0015104",Apoptosis,F13,28h,apoptosis,0.758431454
F,14,Actinomycin D,"0,0007552",Apoptosis,F14,28h,apoptosis,0.855063363
F,15,Actinomycin D,"0,0003776",Apoptosis,F15,28h,apoptosis,0.836775623
F,16,Actinomycin D,"0,0001888",Apoptosis,F16,28h,apoptosis,0.997446483
F,17,Actinomycin D,"9,44e-05",Apoptosis,F17,28h,apoptosis,1.009139167
F,18,Actinomycin D,"0,0015104",Apoptosis,F18,28h,apoptosis,0.762828158
F,19,Actinomycin D,"0,0007552",Apoptosis,F19,28h,apoptosis,0.776814775
F,20,Actinomycin D,"0,0003776",Apoptosis,F20,28h,apoptosis,1.008948006
F,21,Actinomycin D,"0,0001888",Apoptosis,F21,28h,apoptosis,1.083628255
F,22,Actinomycin D,"9,44e-05",Apoptosis,F22,28h,apoptosis,1.011210078
F,23,DMSO,0,Healthy,F23,28h,healthy,0.984511252
F,24,Untreated,0,Healthy,F24,28h,healthy,1.044631401
G,1,DMSO,0,Healthy,G01,28h,healthy,0.94025747
G,2,Untreated,0,Healthy,G02,28h,healthy,1.065754697
G,3,Doxorubicin,"0,2472",Apoptosis,G03,28h,apoptosis,0.657211679
G,4,Doxorubicin,"0,1236",Apoptosis,G04,28h,apoptosis,0.837317246
G,5,Doxorubicin,"0,0618",Apoptosis,G05,28h,apoptosis,0.872299717
G,6,Doxorubicin,"0,0309",Apoptosis,G06,28h,apoptosis,0.921937869
G,7,Doxorubicin,"0,01545",Apoptosis,G07,28h,apoptosis,0.949273899
G,8,DMSO,0,Apoptosis,G08,28h,healthy,0.951599692
G,9,Untreated,0,Apoptosis,G09,28h,healthy,1.013535871
G,10,DMSO,0,Apoptosis,G10,28h,healthy,1.081907805
G,11,Untreated,0,Apoptosis,G11,28h,healthy,1.049282987
G,12,DMSO,0,Apoptosis,G12,28h,healthy,0.99139305
G,13,Doxorubicin,"0,2472",Apoptosis,G13,28h,apoptosis,0.521391756
G,14,Doxorubicin,"0,1236",Apoptosis,G14,28h,apoptosis,0.814059318
G,15,Doxorubicin,"0,0618",Apoptosis,G15,28h,apoptosis,0.941595597
G,16,Doxorubicin,"0,0309",Apoptosis,G16,28h,apoptosis,0.924932726
G,17,Doxorubicin,"0,01545",Apoptosis,G17,28h,apoptosis,0.964471202
G,18,Doxorubicin,"0,2472",Apoptosis,G18,28h,apoptosis,0.594670157
G,19,Doxorubicin,"0,1236",Apoptosis,G19,28h,apoptosis,0.700891979
G,20,Doxorubicin,"0,0618",Apoptosis,G20,28h,apoptosis,0.856019168
G,21,Doxorubicin,"0,0309",Apoptosis,G21,28h,apoptosis,0.921459967
G,22,Doxorubicin,"0,01545",Apoptosis,G22,28h,apoptosis,1.010509154
G,23,DMSO,0,Healthy,G23,28h,healthy,0.955136171
G,24,Untreated,0,Healthy,G24,28h,healthy,0.993081639
H,1,DMSO,0,Healthy,H01,28h,healthy,0.756360542
H,2,Untreated,0,Healthy,H02,28h,healthy,0.794051129
H,3,Niclosamide,"6,78",Apoptosis,H03,28h,apoptosis,0.249050984
H,4,Niclosamide,"3,39",Apoptosis,H04,28h,apoptosis,0.460220221
H,5,Niclosamide,"1,695",Apoptosis,H05,28h,apoptosis,0.741545561
H,6,Niclosamide,"0,8475",Apoptosis,H06,28h,apoptosis,0.889440491
H,7,Niclosamide,"0,42375",Apoptosis,H07,28h,apoptosis,0.946024161
H,8,DMSO,0,Apoptosis,H08,28h,healthy,0.932101265
H,9,Untreated,0,Apoptosis,H09,28h,healthy,1.052405284
H,10,DMSO,0,Apoptosis,H10,28h,healthy,1.011911002
H,11,Untreated,0,Apoptosis,H11,28h,healthy,1.108160589
H,12,DMSO,0,Apoptosis,H12,28h,healthy,1.008119641
H,13,Niclosamide,"6,78",Apoptosis,H13,28h,apoptosis,0.360402294
H,14,Niclosamide,"3,39",Apoptosis,H14,28h,apoptosis,0.566856225
H,15,Niclosamide,"1,695",Apoptosis,H15,28h,apoptosis,0.802525935
H,16,Niclosamide,"0,8475",Apoptosis,H16,28h,apoptosis,0.900464112
H,17,Niclosamide,"0,42375",Apoptosis,H17,28h,apoptosis,0.977629454
H,18,Niclosamide,"6,78",Apoptosis,H18,28h,apoptosis,0.37066127
H,19,Niclosamide,"3,39",Apoptosis,H19,28h,apoptosis,0.633125388
H,20,Niclosamide,"1,695",Apoptosis,H20,28h,apoptosis,0.795835299
H,21,Niclosamide,"0,8475",Apoptosis,H21,28h,apoptosis,0.947266708
H,22,Niclosamide,"0,42375",Apoptosis,H22,28h,apoptosis,0.849583413
H,23,DMSO,0,Healthy,H23,28h,healthy,0.969345809
H,24,Untreated,0,Healthy,H24,28h,healthy,0.995248131
I,1,DMSO,0,Healthy,I01,28h,healthy,0.937007732
I,2,Untreated,0,Healthy,I02,28h,healthy,1.071075346
I,3,RLS3,"0,06028",Ferroptosis,I03,28h,ferroptosis,0.259979024
I,4,RLS3,"0,03014",Ferroptosis,I04,28h,ferroptosis,0.437440196
I,5,RLS3,"0,01507",Ferroptosis,I05,28h,ferroptosis,0.830180567
I,6,RLS3,"0,007535",Ferroptosis,I06,28h,ferroptosis,0.986677744
I,7,RLS3,"0,0037675",Ferroptosis,I07,28h,ferroptosis,0.967975821
I,8,DMSO,0,Ferroptosis,I08,28h,healthy,1.036315896
I,9,Untreated,0,Ferroptosis,I09,28h,healthy,1.017582113
I,10,DMSO,0,Ferroptosis,I10,28h,healthy,1.100800889
I,11,Untreated,0,Ferroptosis,I11,28h,healthy,1.005411526
I,12,DMSO,0,Ferroptosis,I12,28h,healthy,1.038705409
I,13,RLS3,"0,06028",Ferroptosis,I13,28h,ferroptosis,0.416922243
I,14,RLS3,"0,03014",Ferroptosis,I14,28h,ferroptosis,0.544585963
I,15,RLS3,"0,01507",Ferroptosis,I15,28h,ferroptosis,0.910627507
I,16,RLS3,"0,007535",Ferroptosis,I16,28h,ferroptosis,0.996203936
I,17,RLS3,"0,0037675",Ferroptosis,I17,28h,ferroptosis,0.941754898
I,18,RLS3,"0,06028",Ferroptosis,I18,28h,ferroptosis,0.390159697
I,19,RLS3,"0,03014",Ferroptosis,I19,28h,ferroptosis,0.633284688
I,20,RLS3,"0,01507",Ferroptosis,I20,28h,ferroptosis,0.872873201
I,21,RLS3,"0,007535",Ferroptosis,I21,28h,ferroptosis,0.969759991
I,22,RLS3,"0,0037675",Ferroptosis,I22,28h,ferroptosis,1.008119641
I,23,DMSO,0,Healthy,I23,28h,healthy,1.003022013
I,24,Untreated,0,Healthy,I24,28h,healthy,0.972595547
J,1,DMSO,0,Healthy,J01,28h,healthy,0.767575324
J,2,Untreated,0,Healthy,J02,28h,healthy,0.687733727
J,3,ML162,"0,09572",Ferroptosis,J03,28h,ferroptosis,0.105743919
J,4,ML162,"0,04786",Ferroptosis,J04,28h,ferroptosis,0.178831159
J,5,ML162,"0,02393",Ferroptosis,J05,28h,ferroptosis,0.46923665
J,6,ML162,"0,011965",Ferroptosis,J06,28h,ferroptosis,0.719179719
J,7,ML162,"0,0059825",Ferroptosis,J07,28h,ferroptosis,0.929138269
J,8,DMSO,0,Ferroptosis,J08,28h,healthy,0.866023263
J,9,Untreated,0,Ferroptosis,J09,28h,healthy,0.988430053
J,10,DMSO,0,Ferroptosis,J10,28h,healthy,0.951376671
J,11,Untreated,0,Ferroptosis,J11,28h,healthy,1.070470003
J,12,DMSO,0,Ferroptosis,J12,28h,healthy,0.970333474
J,13,ML162,"0,09572",Ferroptosis,J13,28h,ferroptosis,0.261380872
J,14,ML162,"0,04786",Ferroptosis,J14,28h,ferroptosis,0.361294379
J,15,ML162,"0,02393",Ferroptosis,J15,28h,ferroptosis,0.821323438
J,16,ML162,"0,011965",Ferroptosis,J16,28h,ferroptosis,0.928532925
J,17,ML162,"0,0059825",Ferroptosis,J17,28h,ferroptosis,0.915279093
J,18,ML162,"0,09572",Ferroptosis,J18,28h,ferroptosis,0.309712756
J,19,ML162,"0,04786",Ferroptosis,J19,28h,ferroptosis,0.53502791
J,20,ML162,"0,02393",Ferroptosis,J20,28h,ferroptosis,0.77235435
J,21,ML162,"0,011965",Ferroptosis,J21,28h,ferroptosis,1.000122738
J,22,ML162,"0,0059825",Ferroptosis,J22,28h,ferroptosis,0.952905959
J,23,DMSO,0,Healthy,J23,28h,healthy,1.042847232
J,24,Untreated,0,Healthy,J24,28h,healthy,0.937549355
K,1,DMSO,0,Healthy,K01,28h,healthy,1.003053874
K,2,Untreated,0,Healthy,K02,28h,healthy,1.03156873
K,3,ML210,"0,4704",Ferroptosis,K03,28h,ferroptosis,0.214673856
K,4,ML210,"0,2352",Ferroptosis,K04,28h,ferroptosis,0.297382869
K,5,ML210,"0,1176",Ferroptosis,K05,28h,ferroptosis,0.451840995
K,6,ML210,"0,0588",Ferroptosis,K06,28h,ferroptosis,0.840152801
K,7,ML210,"0,0294",Ferroptosis,K07,28h,ferroptosis,0.891893725
K,8,DMSO,0,Ferroptosis,K08,28h,healthy,1.064703311
K,9,Untreated,0,Ferroptosis,K09,28h,healthy,1.126798791
K,10,DMSO,0,Ferroptosis,K10,28h,healthy,1.11740004
K,11,Untreated,0,Ferroptosis,K11,28h,healthy,1.175162536
K,12,DMSO,0,Ferroptosis,K12,28h,healthy,1.128487381
K,13,ML210,"0,4704",Ferroptosis,K13,28h,ferroptosis,0.302480497
K,14,ML210,"0,2352",Ferroptosis,K14,28h,ferroptosis,0.342241994
K,15,ML210,"0,1176",Ferroptosis,K15,28h,ferroptosis,0.404464915
K,16,ML210,"0,0588",Ferroptosis,K16,28h,ferroptosis,0.901260616
K,17,ML210,"0,0294",Ferroptosis,K17,28h,ferroptosis,0.929807332
K,18,ML210,"0,4704",Ferroptosis,K18,28h,ferroptosis,0.296108462
K,19,ML210,"0,2352",Ferroptosis,K19,28h,ferroptosis,0.345555453
K,20,ML210,"0,1176",Ferroptosis,K20,28h,ferroptosis,0.55140404
K,21,ML210,"0,0588",Ferroptosis,K21,28h,ferroptosis,0.685981417
K,22,ML210,"0,0294",Ferroptosis,K22,28h,ferroptosis,0.960647981
K,23,DMSO,0,Healthy,K23,28h,healthy,1.006590353
K,24,Untreated,0,Healthy,K24,28h,healthy,1.032365234
L,1,DMSO,0,Healthy,L01,28h,healthy,0.809280292
L,2,Untreated,0,Healthy,L02,28h,healthy,0.938059118
L,3,Erastin,"5,132",Ferroptosis,L03,28h,ferroptosis,0.619744114
L,4,Erastin,"2,566",Ferroptosis,L04,28h,ferroptosis,0.746069706
L,5,Erastin,"1,283",Ferroptosis,L05,28h,ferroptosis,0.908110554
L,6,Erastin,"0,6415",Ferroptosis,L06,28h,ferroptosis,0.95484943
L,7,Erastin,"0,32075",Ferroptosis,L07,28h,ferroptosis,1.109753598
L,8,DMSO,0,Ferroptosis,L08,28h,healthy,1.028414572
L,9,Untreated,0,Ferroptosis,L09,28h,healthy,1.046096969
L,10,DMSO,0,Ferroptosis,L10,28h,healthy,0.992794897
L,11,Untreated,0,Ferroptosis,L11,28h,healthy,1.074102063
L,12,DMSO,0,Ferroptosis,L12,28h,healthy,0.999166932
L,13,Erastin,"5,132",Ferroptosis,L13,28h,ferroptosis,1.060657069
L,14,Erastin,"2,566",Ferroptosis,L14,28h,ferroptosis,1.032874997
L,15,Erastin,"1,283",Ferroptosis,L15,28h,ferroptosis,1.164298217
L,16,Erastin,"0,6415",Ferroptosis,L16,28h,ferroptosis,1.06269612
L,17,Erastin,"0,32075",Ferroptosis,L17,28h,ferroptosis,1.108861513
L,18,Erastin,"5,132",Ferroptosis,L18,28h,ferroptosis,1.030103162
L,19,Erastin,"2,566",Ferroptosis,L19,28h,ferroptosis,1.094843036
L,20,Erastin,"1,283",Ferroptosis,L20,28h,ferroptosis,1.068972575
L,21,Erastin,"0,6415",Ferroptosis,L21,28h,ferroptosis,1.063843087
L,22,Erastin,"0,32075",Ferroptosis,L22,28h,ferroptosis,0.944303712
L,23,DMSO,0,Healthy,L23,28h,healthy,1.067220265
L,24,Untreated,0,Healthy,L24,28h,healthy,1.076300415
M,1,DMSO,0,Healthy,M01,28h,healthy,0.826644087
M,2,Untreated,0,Healthy,M02,28h,healthy,0.935860766
M,3,IKE,"1,396",Ferroptosis,M03,28h,ferroptosis,0.042533333
M,4,IKE,"0,698",Ferroptosis,M04,28h,ferroptosis,0.212985266
M,5,IKE,"0,349",Ferroptosis,M05,28h,ferroptosis,0.797587608
M,6,IKE,"0,1745",Ferroptosis,M06,28h,ferroptosis,0.780988457
M,7,IKE,"0,08725",Ferroptosis,M07,28h,ferroptosis,0.944367432
M,8,DMSO,0,Ferroptosis,M08,28h,healthy,1.004328281
M,9,Untreated,0,Ferroptosis,M09,28h,healthy,0.979126883
M,10,DMSO,0,Ferroptosis,M10,28h,healthy,1.015606782
M,11,Untreated,0,Ferroptosis,M11,28h,healthy,1.004710603
M,12,DMSO,0,Ferroptosis,M12,28h,healthy,0.99512069
M,13,IKE,"1,396",Ferroptosis,M13,28h,ferroptosis,0.043520998
M,14,IKE,"0,698",Ferroptosis,M14,28h,ferroptosis,0.180105566
M,15,IKE,"0,349",Ferroptosis,M15,28h,ferroptosis,0.583104914
M,16,IKE,"0,1745",Ferroptosis,M16,28h,ferroptosis,0.912507258
M,17,IKE,"0,08725",Ferroptosis,M17,28h,ferroptosis,0.935478443
M,18,IKE,"1,396",Ferroptosis,M18,28h,ferroptosis,0.037945468
M,19,IKE,"0,698",Ferroptosis,M19,28h,ferroptosis,0.384584166
M,20,IKE,"0,349",Ferroptosis,M20,28h,ferroptosis,0.685694675
M,21,IKE,"0,1745",Ferroptosis,M21,28h,ferroptosis,0.849615273
M,22,IKE,"0,08725",Ferroptosis,M22,28h,ferroptosis,0.996681839
M,23,DMSO,0,Healthy,M23,28h,healthy,0.877811528
M,24,Untreated,0,Healthy,M24,28h,healthy,0.985594498
N,1,DMSO,0,Healthy,N01,28h,healthy,1.034021963
N,2,Untreated,0,Healthy,N02,28h,healthy,1.005634548
N,3,FINO2,"4,284",Ferroptosis,N03,28h,ferroptosis,0.080701822
N,4,FINO2,"2,142",Ferroptosis,N04,28h,ferroptosis,0.182845541
N,5,FINO2,"1,071",Ferroptosis,N05,28h,ferroptosis,0.383723942
N,6,FINO2,"0,5355",Ferroptosis,N06,28h,ferroptosis,0.663647435
N,7,FINO2,"0,26775",Ferroptosis,N07,28h,ferroptosis,0.884247283
N,8,DMSO,0,Ferroptosis,N08,28h,healthy,0.907728231
N,9,Leer,0,Ferroptosis,N09,28h,,1.023890428
N,10,DMSO,0,Ferroptosis,N10,28h,healthy,1.012643786
N,11,Leer,0,Ferroptosis,N11,28h,,0.972786708
N,12,DMSO,0,Ferroptosis,N12,28h,healthy,0.997988106
N,13,FINO2,"4,284",Ferroptosis,N13,28h,ferroptosis,0.068849837
N,14,FINO2,"2,142",Ferroptosis,N14,28h,ferroptosis,0.142128238
N,15,FINO2,"1,071",Ferroptosis,N15,28h,ferroptosis,0.450630308
N,16,FINO2,"0,5355",Ferroptosis,N16,28h,ferroptosis,0.686427459
N,17,FINO2,"0,26775",Ferroptosis,N17,28h,ferroptosis,0.816608132
N,18,FINO2,"4,284",Ferroptosis,N18,28h,ferroptosis,0.07493513
N,19,FINO2,"2,142",Ferroptosis,N19,28h,ferroptosis,0.218082894
N,20,FINO2,"1,071",Ferroptosis,N20,28h,ferroptosis,0.477392855
N,21,FINO2,"0,5355",Ferroptosis,N21,28h,ferroptosis,0.678653577
N,22,FINO2,"0,26775",Ferroptosis,N22,28h,ferroptosis,0.732720293
N,23,DMSO,0,Healthy,N23,28h,healthy,0.982440341
N,24,Untreated,0,Healthy,N24,28h,healthy,0.879022214
O,1,DMSO,0,Healthy,O01,28h,healthy,0.834959593
O,2,Untreated,0,Healthy,O02,28h,healthy,0.954275946
O,3,FIN56,"0,3106",Ferroptosis,O03,28h,ferroptosis,0.294133131
O,4,FIN56,"0,1553",Ferroptosis,O04,28h,ferroptosis,0.501765888
O,5,FIN56,"0,07765",Ferroptosis,O05,28h,ferroptosis,0.683719345
O,6,FIN56,"0,038825",Ferroptosis,O06,28h,ferroptosis,0.872044836
O,7,FIN56,"0,0194125",Ferroptosis,O07,28h,ferroptosis,0.868826958
O,8,DMSO,0,Ferroptosis,O08,28h,healthy,0.971607881
O,9,Leer,0,Ferroptosis,O09,28h,,0.937294473
O,10,DMSO,0,Ferroptosis,O10,28h,healthy,0.968485584
O,11,Leer,0,Ferroptosis,O11,28h,,0.848500167
O,12,DMSO,0,Ferroptosis,O12,28h,healthy,0.973583212
O,13,FIN56,"0,3106",Ferroptosis,O13,28h,ferroptosis,0.585940469
O,14,FIN56,"0,1553",Ferroptosis,O14,28h,ferroptosis,0.469109209
O,15,FIN56,"0,07765",Ferroptosis,O15,28h,ferroptosis,0.54222831
O,16,FIN56,"0,038825",Ferroptosis,O16,28h,ferroptosis,0.784078894
O,17,FIN56,"0,0194125",Ferroptosis,O17,28h,ferroptosis,0.815939069
O,18,FIN56,"0,3106",Ferroptosis,O18,28h,ferroptosis,0.40357283
O,19,FIN56,"0,1553",Ferroptosis,O19,28h,ferroptosis,0.704651479
O,20,FIN56,"0,07765",Ferroptosis,O20,28h,ferroptosis,0.6243957
O,21,FIN56,"0,038825",Ferroptosis,O21,28h,ferroptosis,0.67017877
O,22,FIN56,"0,0194125",Ferroptosis,O22,28h,ferroptosis,0.831136372
O,23,DMSO,0,Healthy,O23,28h,healthy,0.750976173
O,24,Untreated,0,Healthy,O24,28h,healthy,0.985530778
B,1,DMSO,0,Healthy,B01,28h,healthy,0.986964485
B,2,Untreated,0,Healthy,B02,28h,healthy,1.042719791
B,3,Stauro,"0,04748",Apoptosis,B03,28h,apoptosis,0.418801994
B,4,Stauro,"0,02374",Apoptosis,B04,28h,apoptosis,0.52403615
B,5,Stauro,"0,01187",Apoptosis,B05,28h,apoptosis,0.682444938
B,6,Stauro,"0,005935",Apoptosis,B06,28h,apoptosis,0.708156098
B,7,Stauro,"0,0029675",Apoptosis,B07,28h,apoptosis,0.790896972
B,8,DMSO,0,Apoptosis,B08,28h,healthy,0.995821614
B,9,Untreated,0,Apoptosis,B09,28h,healthy,1.078976669
B,10,DMSO,0,Apoptosis,B10,28h,healthy,1.069418617
B,11,Untreated,0,Apoptosis,B11,28h,healthy,1.082098967
B,12,DMSO,0,Apoptosis,B12,28h,healthy,1.080410377
B,13,Stauro,"0,04748",Apoptosis,B13,28h,apoptosis,0.449865664
B,14,Stauro,"0,02374",Apoptosis,B14,28h,apoptosis,0.57870821
B,15,Stauro,"0,01187",Apoptosis,B15,28h,apoptosis,0.658581667
B,16,Stauro,"0,005935",Apoptosis,B16,28h,apoptosis,0.682190056
B,17,Stauro,"0,0029675",Apoptosis,B17,28h,apoptosis,0.829384062
B,18,Stauro,"0,04748",Apoptosis,B18,28h,apoptosis,0.454071207
B,19,Stauro,"0,02374",Apoptosis,B19,28h,apoptosis,0.553379371
B,20,Stauro,"0,01187",Apoptosis,B20,28h,apoptosis,0.676837547
B,21,Stauro,"0,005935",Apoptosis,B21,28h,apoptosis,0.703440793
B,22,Stauro,"0,0029675",Apoptosis,B22,28h,apoptosis,0.766492078
B,23,DMSO,0,Healthy,B23,28h,healthy,1.056515246
B,24,Untreated,0,Healthy,B24,28h,healthy,0.997096021
C,1,DMSO,0,Healthy,C01,28h,healthy,0.887465161
C,2,Untreated,0,Healthy,C02,28h,healthy,1.027681788
C,3,Vinblastine,"0,00222",Apoptosis,C03,28h,apoptosis,0.427786563
C,4,Vinblastine,"0,00111",Apoptosis,C04,28h,apoptosis,0.738200243
C,5,Vinblastine,"0,000555",Apoptosis,C05,28h,apoptosis,0.878862913
C,6,Vinblastine,"0,0002775",Apoptosis,C06,28h,apoptosis,0.917732326
C,7,Vinblastine,"0,00013875",Apoptosis,C07,28h,apoptosis,1.034021963
C,8,DMSO,0,Apoptosis,C08,28h,healthy,1.017486533
C,9,Untreated,0,Apoptosis,C09,28h,healthy,1.029211077
C,10,DMSO,0,Apoptosis,C10,28h,healthy,1.026375521
C,11,Untreated,0,Apoptosis,C11,28h,healthy,1.005188505
C,12,DMSO,0,Apoptosis,C12,28h,healthy,1.056292225
C,13,Vinblastine,"0,00222",Apoptosis,C13,28h,apoptosis,0.541113204
C,14,Vinblastine,"0,00111",Apoptosis,C14,28h,apoptosis,0.701433602
C,15,Vinblastine,"0,000555",Apoptosis,C15,28h,apoptosis,0.905752901
C,16,Vinblastine,"0,0002775",Apoptosis,C16,28h,apoptosis,1.023635546
C,17,Vinblastine,"0,00013875",Apoptosis,C17,28h,apoptosis,1.016817469
C,18,Vinblastine,"0,00222",Apoptosis,C18,28h,apoptosis,0.43090886
C,19,Vinblastine,"0,00111",Apoptosis,C19,28h,apoptosis,0.585207685
C,20,Vinblastine,"0,000555",Apoptosis,C20,28h,apoptosis,0.927991302
C,21,Vinblastine,"0,0002775",Apoptosis,C21,28h,apoptosis,0.90192968
C,22,Vinblastine,"0,00013875",Apoptosis,C22,28h,apoptosis,0.984383811
C,23,DMSO,0,Healthy,C23,28h,healthy,0.867552551
C,24,Untreated,0,Healthy,C24,28h,healthy,1.016435147
D,1,DMSO,0,Healthy,D01,28h,healthy,0.975112501
D,2,Untreated,0,Healthy,D02,28h,healthy,1.076842038
D,3,Paclitaxel,"110,24",Apoptosis,D03,28h,apoptosis,0.459136975
D,4,Paclitaxel,"55,12",Apoptosis,D04,28h,apoptosis,0.102972084
D,5,Paclitaxel,"27,56",Apoptosis,D05,28h,apoptosis,0.125178626
D,6,Paclitaxel,"13,78",Apoptosis,D06,28h,apoptosis,0.313312956
D,7,Paclitaxel,"6,89",Apoptosis,D07,28h,apoptosis,0.340680846
D,8,DMSO,0,Apoptosis,D08,28h,healthy,0.98406521
D,9,Untreated,0,Apoptosis,D09,28h,healthy,1.091179116
D,10,DMSO,0,Apoptosis,D10,28h,healthy,1.006813374
D,11,Untreated,0,Apoptosis,D11,28h,healthy,1.179973423
D,12,DMSO,0,Apoptosis,D12,28h,healthy,1.002193649
D,13,Paclitaxel,"110,24",Apoptosis,D13,28h,apoptosis,0.25739835
D,14,Paclitaxel,"55,12",Apoptosis,D14,28h,apoptosis,0.125688388
D,15,Paclitaxel,"27,56",Apoptosis,D15,28h,apoptosis,0.170961696
D,16,Paclitaxel,"13,78",Apoptosis,D16,28h,apoptosis,0.33953388
D,17,Paclitaxel,"6,89",Apoptosis,D17,28h,apoptosis,0.444672455
D,18,Paclitaxel,"110,24",Apoptosis,D18,28h,apoptosis,0.333289285
D,19,Paclitaxel,"55,12",Apoptosis,D19,28h,apoptosis,0.115301971
D,20,Paclitaxel,"27,56",Apoptosis,D20,28h,apoptosis,0.1679987
D,21,Paclitaxel,"13,78",Apoptosis,D21,28h,apoptosis,0.33054931
D,22,Paclitaxel,"6,89",Apoptosis,D22,28h,apoptosis,0.41443715
D,23,DMSO,0,Healthy,D23,28h,healthy,0.999612975
D,24,Untreated,0,Healthy,D24,28h,healthy,0.953829904
E,1,DMSO,0,Healthy,E01,28h,healthy,0.918974873
E,2,Untreated,0,Healthy,E02,28h,healthy,1.013249129
E,3,Etoposide,"67,48",Apoptosis,E03,28h,apoptosis,0.393791757
E,4,Etoposide,"33,74",Apoptosis,E04,28h,apoptosis,0.524131731
E,5,Etoposide,"16,87",Apoptosis,E05,28h,apoptosis,0.5586363
E,6,Etoposide,"8,435",Apoptosis,E06,28h,apoptosis,0.718064613
E,7,Etoposide,"42,175",Apoptosis,E07,28h,apoptosis,0.688976273
E,8,DMSO,0,Apoptosis,E08,28h,healthy,1.030549204
E,9,Untreated,0,Apoptosis,E09,28h,healthy,1.038482388
E,10,DMSO,0,Apoptosis,E10,28h,healthy,1.071616969
E,11,Untreated,0,Apoptosis,E11,28h,healthy,1.106790602
E,12,DMSO,0,Apoptosis,E12,28h,healthy,1.06444843
E,13,Etoposide,"67,48",Apoptosis,E13,28h,apoptosis,0.429602593
E,14,Etoposide,"33,74",Apoptosis,E14,28h,apoptosis,0.567174826
E,15,Etoposide,"16,87",Apoptosis,E15,28h,apoptosis,0.537831606
E,16,Etoposide,"8,435",Apoptosis,E16,28h,apoptosis,0.735460268
E,17,Etoposide,"42,175",Apoptosis,E17,28h,apoptosis,0.676327784
E,18,Etoposide,"67,48",Apoptosis,E18,28h,apoptosis,0.424027062
E,19,Etoposide,"33,74",Apoptosis,E19,28h,apoptosis,0.499089633
E,20,Etoposide,"16,87",Apoptosis,E20,28h,apoptosis,0.628537522
E,21,Etoposide,"8,435",Apoptosis,E21,28h,apoptosis,0.654248683
E,22,Etoposide,"42,175",Apoptosis,E22,28h,apoptosis,0.736702815
E,23,DMSO,0,Healthy,E23,28h,healthy,1.00238481
E,24,Untreated,0,Healthy,E24,28h,healthy,1.022201838
F,1,DMSO,0,Healthy,F01,28h,healthy,0.967816521
F,2,Untreated,0,Healthy,F02,28h,healthy,1.068908854
F,3,Actinomycin D,"0,0015104",Apoptosis,F03,28h,apoptosis,0.780765436
F,4,Actinomycin D,"0,0007552",Apoptosis,F04,28h,apoptosis,0.913877245
F,5,Actinomycin D,"0,0003776",Apoptosis,F05,28h,apoptosis,0.959724036
F,6,Actinomycin D,"0,0001888",Apoptosis,F06,28h,apoptosis,1.098952999
F,7,Actinomycin D,"9,44e-05",Apoptosis,F07,28h,apoptosis,1.034340565
F,8,DMSO,0,Apoptosis,F08,28h,healthy,1.071903711
F,9,Untreated,0,Apoptosis,F09,28h,healthy,1.157989902
F,10,DMSO,0,Apoptosis,F10,28h,healthy,1.023253224
F,11,Untreated,0,Apoptosis,F11,28h,healthy,1.130558292
F,12,DMSO,0,Apoptosis,F12,28h,healthy,0.984543112
F,13,Actinomycin D,"0,0015104",Apoptosis,F13,28h,apoptosis,0.84713018
F,14,Actinomycin D,"0,0007552",Apoptosis,F14,28h,apoptosis,0.971002538
F,15,Actinomycin D,"0,0003776",Apoptosis,F15,28h,apoptosis,0.996713699
F,16,Actinomycin D,"0,0001888",Apoptosis,F16,28h,apoptosis,1.006526633
F,17,Actinomycin D,"9,44e-05",Apoptosis,F17,28h,apoptosis,1.031409429
F,18,Actinomycin D,"0,0015104",Apoptosis,F18,28h,apoptosis,0.792617421
F,19,Actinomycin D,"0,0007552",Apoptosis,F19,28h,apoptosis,0.911742613
F,20,Actinomycin D,"0,0003776",Apoptosis,F20,28h,apoptosis,0.839420017
F,21,Actinomycin D,"0,0001888",Apoptosis,F21,28h,apoptosis,0.990883287
F,22,Actinomycin D,"9,44e-05",Apoptosis,F22,28h,apoptosis,0.970492775
F,23,DMSO,0,Healthy,F23,28h,healthy,1.045396045
F,24,Untreated,0,Healthy,F24,28h,healthy,0.988939816
G,1,DMSO,0,Healthy,G01,28h,healthy,0.870802289
G,2,Untreated,0,Healthy,G02,28h,healthy,1.030612925
G,3,Doxorubicin,"0,2472",Apoptosis,G03,28h,apoptosis,0.531555151
G,4,Doxorubicin,"0,1236",Apoptosis,G04,28h,apoptosis,0.82161018
G,5,Doxorubicin,"0,0618",Apoptosis,G05,28h,apoptosis,0.831773576
G,6,Doxorubicin,"0,0309",Apoptosis,G06,28h,apoptosis,0.894060217
G,7,Doxorubicin,"0,01545",Apoptosis,G07,28h,apoptosis,0.932260566
G,8,DMSO,0,Apoptosis,G08,28h,healthy,1.065913998
G,9,Untreated,0,Apoptosis,G09,28h,healthy,1.072955096
G,10,DMSO,0,Apoptosis,G10,28h,healthy,1.045109304
G,11,Untreated,0,Apoptosis,G11,28h,healthy,1.072445334
G,12,DMSO,0,Apoptosis,G12,28h,healthy,1.120299316
G,13,Doxorubicin,"0,2472",Apoptosis,G13,28h,apoptosis,0.471689883
G,14,Doxorubicin,"0,1236",Apoptosis,G14,28h,apoptosis,0.774648283
G,15,Doxorubicin,"0,0618",Apoptosis,G15,28h,apoptosis,0.888420966
G,16,Doxorubicin,"0,0309",Apoptosis,G16,28h,apoptosis,0.95860893
G,17,Doxorubicin,"0,01545",Apoptosis,G17,28h,apoptosis,0.888261665
G,18,Doxorubicin,"0,2472",Apoptosis,G18,28h,apoptosis,0.548759645
G,19,Doxorubicin,"0,1236",Apoptosis,G19,28h,apoptosis,0.733007035
G,20,Doxorubicin,"0,0618",Apoptosis,G20,28h,apoptosis,0.900942014
G,21,Doxorubicin,"0,0309",Apoptosis,G21,28h,apoptosis,0.886413775
G,22,Doxorubicin,"0,01545",Apoptosis,G22,28h,apoptosis,0.95124923
G,23,DMSO,0,Healthy,G23,28h,healthy,0.932133125
G,24,Untreated,0,Healthy,G24,28h,healthy,1.029434098
H,1,DMSO,0,Healthy,H01,28h,healthy,0.877015023
H,2,Untreated,0,Healthy,H02,28h,healthy,1.019748605
H,3,Niclosamide,"6,78",Apoptosis,H03,28h,apoptosis,0.322775428
H,4,Niclosamide,"3,39",Apoptosis,H04,28h,apoptosis,0.546593154
H,5,Niclosamide,"1,695",Apoptosis,H05,28h,apoptosis,0.829447783
H,6,Niclosamide,"0,8475",Apoptosis,H06,28h,apoptosis,0.80701822
H,7,Niclosamide,"0,42375",Apoptosis,H07,28h,apoptosis,1.013249129
H,8,DMSO,0,Apoptosis,H08,28h,healthy,0.955072451
H,9,Untreated,0,Apoptosis,H09,28h,healthy,1.151076244
H,10,DMSO,0,Apoptosis,H10,28h,healthy,1.015766083
H,11,Untreated,0,Apoptosis,H11,28h,healthy,1.094396994
H,12,DMSO,0,Apoptosis,H12,28h,healthy,0.995471152
H,13,Niclosamide,"6,78",Apoptosis,H13,28h,apoptosis,0.369673605
H,14,Niclosamide,"3,39",Apoptosis,H14,28h,apoptosis,0.498356849
H,15,Niclosamide,"1,695",Apoptosis,H15,28h,apoptosis,0.783919593
H,16,Niclosamide,"0,8475",Apoptosis,H16,28h,apoptosis,0.839101416
H,17,Niclosamide,"0,42375",Apoptosis,H17,28h,apoptosis,0.923467158
H,18,Niclosamide,"6,78",Apoptosis,H18,28h,apoptosis,0.283332532
H,19,Niclosamide,"3,39",Apoptosis,H19,28h,apoptosis,0.701529182
H,20,Niclosamide,"1,695",Apoptosis,H20,28h,apoptosis,0.758304013
H,21,Niclosamide,"0,8475",Apoptosis,H21,28h,apoptosis,0.919293475
H,22,Niclosamide,"0,42375",Apoptosis,H22,28h,apoptosis,0.897915298
H,23,DMSO,0,Healthy,H23,28h,healthy,0.960074498
H,24,Untreated,0,Healthy,H24,28h,healthy,0.937963537
I,1,DMSO,0,Healthy,I01,28h,healthy,0.855413825
I,2,Untreated,0,Healthy,I02,28h,healthy,1.035041489
I,3,RLS3,"0,06028",Ferroptosis,I03,28h,ferroptosis,0.190715005
I,4,RLS3,"0,03014",Ferroptosis,I04,28h,ferroptosis,0.460984865
I,5,RLS3,"0,01507",Ferroptosis,I05,28h,ferroptosis,0.752059419
I,6,RLS3,"0,007535",Ferroptosis,I06,28h,ferroptosis,0.93856888
I,7,RLS3,"0,0037675",Ferroptosis,I07,28h,ferroptosis,0.894474399
I,8,DMSO,0,Ferroptosis,I08,28h,healthy,1.032301514
I,9,Untreated,0,Ferroptosis,I09,28h,healthy,1.02245672
I,10,DMSO,0,Ferroptosis,I10,28h,healthy,1.041031202
I,11,Untreated,0,Ferroptosis,I11,28h,healthy,1.023922288
I,12,DMSO,0,Ferroptosis,I12,28h,healthy,0.98970446
I,13,RLS3,"0,06028",Ferroptosis,I13,28h,ferroptosis,0.265618275
I,14,RLS3,"0,03014",Ferroptosis,I14,28h,ferroptosis,0.532925139
I,15,RLS3,"0,01507",Ferroptosis,I15,28h,ferroptosis,0.762541416
I,16,RLS3,"0,007535",Ferroptosis,I16,28h,ferroptosis,0.870037645
I,17,RLS3,"0,0037675",Ferroptosis,I17,28h,ferroptosis,0.946087882
I,18,RLS3,"0,06028",Ferroptosis,I18,28h,ferroptosis,0.276896777
I,19,RLS3,"0,03014",Ferroptosis,I19,28h,ferroptosis,0.384074404
I,20,RLS3,"0,01507",Ferroptosis,I20,28h,ferroptosis,0.81794626
I,21,RLS3,"0,007535",Ferroptosis,I21,28h,ferroptosis,0.928341764
I,22,RLS3,"0,0037675",Ferroptosis,I22,28h,ferroptosis,0.945036496
I,23,DMSO,0,Healthy,I23,28h,healthy,0.946119742
I,24,Untreated,0,Healthy,I24,28h,healthy,0.994356046
J,1,DMSO,0,Healthy,J01,28h,healthy,0.965203986
J,2,Untreated,0,Healthy,J02,28h,healthy,0.999166932
J,3,ML162,"0,09572",Ferroptosis,J03,28h,ferroptosis,0.142606141
J,4,ML162,"0,04786",Ferroptosis,J04,28h,ferroptosis,0.261253431
J,5,ML162,"0,02393",Ferroptosis,J05,28h,ferroptosis,0.675467559
J,6,ML162,"0,011965",Ferroptosis,J06,28h,ferroptosis,0.930412676
J,7,ML162,"0,0059825",Ferroptosis,J07,28h,ferroptosis,0.969154648
J,8,DMSO,0,Ferroptosis,J08,28h,healthy,0.972691127
J,9,Untreated,0,Ferroptosis,J09,28h,healthy,1.030198742
J,10,DMSO,0,Ferroptosis,J10,28h,healthy,0.98056059
J,11,Untreated,0,Ferroptosis,J11,28h,healthy,1.135401038
J,12,DMSO,0,Ferroptosis,J12,28h,healthy,0.916139318
J,13,ML162,"0,09572",Ferroptosis,J13,28h,ferroptosis,0.229170235
J,14,ML162,"0,04786",Ferroptosis,J14,28h,ferroptosis,0.275080747
J,15,ML162,"0,02393",Ferroptosis,J15,28h,ferroptosis,0.657785163
J,16,ML162,"0,011965",Ferroptosis,J16,28h,ferroptosis,0.824127134
J,17,ML162,"0,0059825",Ferroptosis,J17,28h,ferroptosis,0.959564735
J,18,ML162,"0,09572",Ferroptosis,J18,28h,ferroptosis,0.234809486
J,19,ML162,"0,04786",Ferroptosis,J19,28h,ferroptosis,0.309043693
J,20,ML162,"0,02393",Ferroptosis,J20,28h,ferroptosis,0.651190106
J,21,ML162,"0,011965",Ferroptosis,J21,28h,ferroptosis,0.891511403
J,22,ML162,"0,0059825",Ferroptosis,J22,28h,ferroptosis,0.919261615
J,23,DMSO,0,Healthy,J23,28h,healthy,0.891734424
J,24,Untreated,0,Healthy,J24,28h,healthy,0.939620266
K,1,DMSO,0,Healthy,K01,28h,healthy,0.999453674
K,2,Untreated,0,Healthy,K02,28h,healthy,1.132215021
K,3,ML210,"0,4704",Ferroptosis,K03,28h,ferroptosis,0.133653432
K,4,ML210,"0,2352",Ferroptosis,K04,28h,ferroptosis,0.202407689
K,5,ML210,"0,1176",Ferroptosis,K05,28h,ferroptosis,0.284638799
K,6,ML210,"0,0588",Ferroptosis,K06,28h,ferroptosis,0.698534326
K,7,ML210,"0,0294",Ferroptosis,K07,28h,ferroptosis,0.815493026
K,8,DMSO,0,Ferroptosis,K08,28h,healthy,1.110613823
K,9,Untreated,0,Ferroptosis,K09,28h,healthy,1.026821564
K,10,DMSO,0,Ferroptosis,K10,28h,healthy,1.009489629
K,11,Untreated,0,Ferroptosis,K11,28h,healthy,1.051895521
K,12,DMSO,0,Ferroptosis,K12,28h,healthy,1.088024959
K,13,ML210,"0,4704",Ferroptosis,K13,28h,ferroptosis,0.162901072
K,14,ML210,"0,2352",Ferroptosis,K14,28h,ferroptosis,0.227513506
K,15,ML210,"0,1176",Ferroptosis,K15,28h,ferroptosis,0.305985116
K,16,ML210,"0,0588",Ferroptosis,K16,28h,ferroptosis,0.85448988
K,17,ML210,"0,0294",Ferroptosis,K17,28h,ferroptosis,0.815652327
K,18,ML210,"0,4704",Ferroptosis,K18,28h,ferroptosis,0.199572133
K,19,ML210,"0,2352",Ferroptosis,K19,28h,ferroptosis,0.21722267
K,20,ML210,"0,1176",Ferroptosis,K20,28h,ferroptosis,0.300282145
K,21,ML210,"0,0588",Ferroptosis,K21,28h,ferroptosis,0.482872805
K,22,ML210,"0,0294",Ferroptosis,K22,28h,ferroptosis,0.905498019
K,23,DMSO,0,Healthy,K23,28h,healthy,0.99878461
K,24,Untreated,0,Healthy,K24,28h,healthy,0.993782563
L,1,DMSO,0,Healthy,L01,28h,healthy,1.010764036
L,2,Untreated,0,Healthy,L02,28h,healthy,1.089777269
L,3,Erastin,"5,132",Ferroptosis,L03,28h,ferroptosis,0.925601789
L,4,Erastin,"2,566",Ferroptosis,L04,28h,ferroptosis,0.970683936
L,5,Erastin,"1,283",Ferroptosis,L05,28h,ferroptosis,1.052150402
L,6,Erastin,"0,6415",Ferroptosis,L06,28h,ferroptosis,0.974602738
L,7,Erastin,"0,32075",Ferroptosis,L07,28h,ferroptosis,1.012548206
L,8,DMSO,0,Ferroptosis,L08,28h,healthy,1.050079491
L,9,Untreated,0,Ferroptosis,L09,28h,healthy,1.084711501
L,10,DMSO,0,Ferroptosis,L10,28h,healthy,1.055145259
L,11,Untreated,0,Ferroptosis,L11,28h,healthy,1.047466957
L,12,DMSO,0,Ferroptosis,L12,28h,healthy,0.949847382
L,13,Erastin,"5,132",Ferroptosis,L13,28h,ferroptosis,1.006462912
L,14,Erastin,"2,566",Ferroptosis,L14,28h,ferroptosis,0.971607881
L,15,Erastin,"1,283",Ferroptosis,L15,28h,ferroptosis,0.930826858
L,16,Erastin,"0,6415",Ferroptosis,L16,28h,ferroptosis,1.038705409
L,17,Erastin,"0,32075",Ferroptosis,L17,28h,ferroptosis,1.028478293
L,18,Erastin,"5,132",Ferroptosis,L18,28h,ferroptosis,0.966924436
L,19,Erastin,"2,566",Ferroptosis,L19,28h,ferroptosis,1.01522446
L,20,Erastin,"1,283",Ferroptosis,L20,28h,ferroptosis,1.02424089
L,21,Erastin,"0,6415",Ferroptosis,L21,28h,ferroptosis,0.993432101
L,22,Erastin,"0,32075",Ferroptosis,L22,28h,ferroptosis,0.95488129
L,23,DMSO,0,Healthy,L23,28h,healthy,0.943411627
L,24,Untreated,0,Healthy,L24,28h,healthy,0.936370528
M,1,DMSO,0,Healthy,M01,28h,healthy,0.847671803
M,2,Untreated,0,Healthy,M02,28h,healthy,0.990373524
M,3,IKE,"1,396",Ferroptosis,M03,28h,ferroptosis,0.026985568
M,4,IKE,"0,698",Ferroptosis,M04,28h,ferroptosis,0.19909423
M,5,IKE,"0,349",Ferroptosis,M05,28h,ferroptosis,0.421669409
M,6,IKE,"0,1745",Ferroptosis,M06,28h,ferroptosis,0.846715997
M,7,IKE,"0,08725",Ferroptosis,M07,28h,ferroptosis,0.866596746
M,8,DMSO,0,Ferroptosis,M08,28h,healthy,1.043388854
M,9,Untreated,0,Ferroptosis,M09,28h,healthy,0.962973774
M,10,DMSO,0,Ferroptosis,M10,28h,healthy,0.95857707
M,11,Untreated,0,Ferroptosis,M11,28h,healthy,0.99142491
M,12,DMSO,0,Ferroptosis,M12,28h,healthy,0.939078643
M,13,IKE,"1,396",Ferroptosis,M13,28h,ferroptosis,0.033421323
M,14,IKE,"0,698",Ferroptosis,M14,28h,ferroptosis,0.142064518
M,15,IKE,"0,349",Ferroptosis,M15,28h,ferroptosis,0.421032206
M,16,IKE,"0,1745",Ferroptosis,M16,28h,ferroptosis,0.917190703
M,17,IKE,"0,08725",Ferroptosis,M17,28h,ferroptosis,0.851941066
M,18,IKE,"1,396",Ferroptosis,M18,28h,ferroptosis,0.030458327
M,19,IKE,"0,698",Ferroptosis,M19,28h,ferroptosis,0.130913457
M,20,IKE,"0,349",Ferroptosis,M20,28h,ferroptosis,0.634304214
M,21,IKE,"0,1745",Ferroptosis,M21,28h,ferroptosis,0.795102515
M,22,IKE,"0,08725",Ferroptosis,M22,28h,ferroptosis,0.822916447
M,23,DMSO,0,Healthy,M23,28h,healthy,0.897883438
M,24,Untreated,0,Healthy,M24,28h,healthy,0.94216908
N,1,DMSO,0,Healthy,N01,28h,healthy,0.887624461
N,2,Untreated,0,Healthy,N02,28h,healthy,0.944909055
N,3,FINO2,"4,284",Ferroptosis,N03,28h,ferroptosis,0.051581623
N,4,FINO2,"2,142",Ferroptosis,N04,28h,ferroptosis,0.178353257
N,5,FINO2,"1,071",Ferroptosis,N05,28h,ferroptosis,0.359319048
N,6,FINO2,"0,5355",Ferroptosis,N06,28h,ferroptosis,0.593172729
N,7,FINO2,"0,26775",Ferroptosis,N07,28h,ferroptosis,0.839643039
N,8,DMSO,0,Ferroptosis,N08,28h,healthy,0.936784711
N,9,Leer,0,Ferroptosis,N09,28h,,1.031982912
N,10,DMSO,0,Ferroptosis,N10,28h,healthy,0.911296571
N,11,Leer,0,Ferroptosis,N11,28h,,0.976323187
N,12,DMSO,0,Ferroptosis,N12,28h,healthy,0.966478393
N,13,FINO2,"4,284",Ferroptosis,N13,28h,ferroptosis,0.038614531
N,14,FINO2,"2,142",Ferroptosis,N14,28h,ferroptosis,0.15155885
N,15,FINO2,"1,071",Ferroptosis,N15,28h,ferroptosis,0.388471108
N,16,FINO2,"0,5355",Ferroptosis,N16,28h,ferroptosis,0.628887984
N,17,FINO2,"0,26775",Ferroptosis,N17,28h,ferroptosis,0.790801391
N,18,FINO2,"4,284",Ferroptosis,N18,28h,ferroptosis,0.034918751
N,19,FINO2,"2,142",Ferroptosis,N19,28h,ferroptosis,0.166437552
N,20,FINO2,"1,071",Ferroptosis,N20,28h,ferroptosis,0.330708611
N,21,FINO2,"0,5355",Ferroptosis,N21,28h,ferroptosis,0.719785062
N,22,FINO2,"0,26775",Ferroptosis,N22,28h,ferroptosis,0.711150955
N,23,DMSO,0,Healthy,N23,28h,healthy,0.940130029
N,24,Untreated,0,Healthy,N24,28h,healthy,0.911328431
O,1,DMSO,0,Healthy,O01,28h,healthy,0.800582465
O,2,Untreated,0,Healthy,O02,28h,healthy,1.017390952
O,3,FIN56,"0,3106",Ferroptosis,O03,28h,ferroptosis,0.229679998
O,4,FIN56,"0,1553",Ferroptosis,O04,28h,ferroptosis,0.505493529
O,5,FIN56,"0,07765",Ferroptosis,O05,28h,ferroptosis,0.396595452
O,6,FIN56,"0,038825",Ferroptosis,O06,28h,ferroptosis,0.760757247
O,7,FIN56,"0,0194125",Ferroptosis,O07,28h,ferroptosis,0.841363488
O,8,DMSO,0,Ferroptosis,O08,28h,healthy,0.91483305
O,9,Leer,0,Ferroptosis,O09,28h,,0.839515598
O,10,DMSO,0,Ferroptosis,O10,28h,healthy,0.903681989
O,11,Leer,0,Ferroptosis,O11,28h,,0.92754526
O,12,DMSO,0,Ferroptosis,O12,28h,healthy,0.89278581
O,13,FIN56,"0,3106",Ferroptosis,O13,28h,ferroptosis,0.280688137
O,14,FIN56,"0,1553",Ferroptosis,O14,28h,ferroptosis,0.422306613
O,15,FIN56,"0,07765",Ferroptosis,O15,28h,ferroptosis,0.46926851
O,16,FIN56,"0,038825",Ferroptosis,O16,28h,ferroptosis,0.774488982
O,17,FIN56,"0,0194125",Ferroptosis,O17,28h,ferroptosis,0.727654525
O,18,FIN56,"0,3106",Ferroptosis,O18,28h,ferroptosis,0.272850534
O,19,FIN56,"0,1553",Ferroptosis,O19,28h,ferroptosis,0.237708762
O,20,FIN56,"0,07765",Ferroptosis,O20,28h,ferroptosis,0.548727785
O,21,FIN56,"0,038825",Ferroptosis,O21,28h,ferroptosis,0.722365736
O,22,FIN56,"0,0194125",Ferroptosis,O22,28h,ferroptosis,0.76133073
O,23,DMSO,0,Healthy,O23,28h,healthy,0.772736672
O,24,Untreated,0,Healthy,O24,28h,healthy,0.915215373